,code,korean_title,num_of_audience,scores_10s,score_20s,score_30s,score_40s,score_50_up,num_of_male,num_of_female,num_of_10s,num_of_20s,num_of_30s,num_of_40s,num_of_50_up
2,181925,클로젯,387.0,8.75,7.75,8.17,8.79,8.63,224,163,8,170,116,58,35
5,197517,마리오네트,2.0,0.0,9.0,0.0,0.0,0.0,2,0,0,2,0,0,0
6,155356,미쓰백,1355.0,9.58,9.37,9.08,9.04,8.38,488,867,81,827,257,136,54
7,168668,올드마린보이,18.0,0.0,8.86,9.25,9.5,8.4,8,10,0,7,4,2,5
10,143776,영혼의 순례길,13.0,0.0,9.0,9.0,10.0,7.0,5,8,0,5,4,2,2
11,168735,새벽의 약속,18.0,0.0,9.0,9.33,8.8,8.5,4,14,0,6,3,5,4
12,142683,호밀밭의 반항아,142.0,9.5,9.29,8.59,9.09,9.05,36,106,1,58,41,21,18
14,167675,루키스,1.0,0.0,0.0,1.0,0.0,0.0,1,0,0,0,1,0,0
15,151241,머니백,64.0,4.75,6.96,7.3,7.8,9.0,39,25,4,27,20,5,8
16,154667,덕구,265.0,10.0,9.23,9.46,9.14,9.08,95,170,8,125,77,42,13
17,164269,토이무비: 미래대모험,8.0,0.0,0.0,8.0,6.33,0.0,3,5,0,0,5,3,0
18,159366,호랑이보다 무서운 겨울손님,61.0,7.5,7.36,7.67,9.12,8.5,16,45,2,25,24,8,2
19,162874,원더스트럭,32.0,0.0,6.08,8.0,8.6,6.33,9,23,0,12,12,5,3
20,158180,그것만이 내 세상,5432.0,9.22,9.15,9.15,9.2,9.25,2444,2988,163,2553,1358,1032,380
21,167638,완벽한 타인,9479.0,9.32,9.21,9.01,8.81,8.74,3981,5498,379,4929,2275,1327,569
22,180209,기방도령,159.0,10.0,7.12,7.69,6.24,6.81,59,100,2,52,51,38,16
23,161834,해피뻐스데이,2.0,0.0,10.0,9.0,0.0,0.0,1,1,0,1,1,0,0
24,172454,곤지암,2457.0,7.78,7.71,7.26,6.71,7.25,1327,1130,123,1499,541,221,74
25,158112,골든슬럼버,926.0,5.98,6.01,6.55,6.46,7.1,398,528,56,482,194,148,56
26,167651,극한직업,15986.0,9.42,9.32,9.22,9.09,8.82,7194,8792,320,6075,4796,3357,1279
27,164192,국가부도의 날,2927.0,9.19,8.93,8.61,8.4,8.06,1610,1317,59,1464,761,439,205
29,143422,소통과 거짓말,4.0,8.0,8.0,10.0,0.0,0.0,1,3,1,2,1,0,0
30,130811,클로버,4.0,10.0,10.0,0.0,4.0,0.0,4,0,2,1,0,1,0
32,168749,죄 많은 소녀,174.0,8.24,8.42,8.16,8.43,9.33,71,103,17,110,37,7,3
33,142210,역모 - 반란의 시대,18.0,0.0,5.71,6.67,7.0,8.33,6,12,0,7,3,5,3
34,159892,탐정: 리턴즈,3681.0,9.41,9.14,8.84,8.78,8.75,1620,2061,110,1877,883,589,221
35,164150,12피트,1.0,0.0,0.0,0.0,2.0,0.0,1,0,0,0,0,1,0
36,158191,1987,10178.0,9.45,9.28,9.3,9.39,9.3,5089,5089,407,4478,2646,1832,712
38,142255,걸 온 더 트레인,81.0,8.0,7.28,7.38,7.5,7.8,36,45,1,39,24,12,5
42,179338,10년,1.0,0.0,0.0,0.0,9.0,0.0,1,0,0,0,0,1,0
43,190244,러브 앳,3.0,0.0,10.0,10.0,0.0,0.0,3,0,0,2,1,0,0
46,177332,쁘띠 아만다,6.0,0.0,9.0,8.5,0.0,8.5,2,4,0,2,2,0,2
47,188765,문신을 한 신부님,11.0,8.0,8.0,8.8,7.0,10.0,7,4,1,1,5,3,1
49,182348,로망,83.0,9.33,9.31,8.89,8.8,8.2,35,48,3,32,28,10,10
51,181114,날씨의 아이,789.0,8.91,8.42,7.9,8.2,8.55,552,237,110,434,142,71,32
52,183854,죽지않는 인간들의 밤,179.0,9.0,9.02,8.24,9.14,9.12,98,81,2,66,59,38,16
58,191633,트롤: 월드 투어,99.0,10.0,8.78,8.37,8.55,8.0,28,71,4,18,43,31,3
62,189141,삼진그룹 영어토익반,699.0,9.68,9.06,8.85,8.95,9.02,280,419,42,343,175,98,42
63,192146,헌트,3.0,0.0,9.0,7.0,8.0,0.0,2,1,0,1,1,1,0
69,10676,타이페이 스토리,27.0,0.0,8.36,8.25,8.8,8.33,15,12,0,11,8,5,3
74,164956,틴 스피릿,6.0,0.0,8.0,8.0,0.0,0.0,6,0,0,5,1,0,0
79,96984,누구의 딸도 아닌 해원,6.0,0.0,9.0,0.0,0.0,0.0,3,3,0,6,0,0,0
80,95473,고양이를 빌려드립니다,1.0,0.0,5.0,0.0,0.0,0.0,1,0,0,1,0,0,0
83,168019,리지,25.0,8.0,7.88,6.0,0.0,8.67,6,19,1,16,5,0,3
84,159863,라플라스의 마녀,16.0,5.67,7.11,9.0,2.0,0.0,4,12,3,9,3,1,0
87,179399,기도하는 남자,2.0,0.0,10.0,7.0,0.0,0.0,1,1,0,1,1,0,0
88,185150,이장,15.0,0.0,9.08,10.0,7.0,0.0,5,10,0,12,2,1,0
89,171455,하이 라이프,6.0,0.0,7.0,1.0,8.0,0.0,3,3,0,3,1,2,0
90,180385,니나 내나,3.0,7.5,9.0,0.0,0.0,0.0,2,1,2,1,0,0,0
91,174530,시민 노무현,24.0,0.0,9.6,9.56,9.43,10.0,6,18,0,5,9,7,3
94,199406,미드나이트 스카이,5.0,0.0,6.67,0.0,8.0,10.0,5,0,0,3,0,1,1
96,179307,벌새,967.0,9.51,8.91,8.93,9.2,8.92,280,687,39,532,242,97,48
97,177508,강변호텔,114.0,0.0,7.77,7.78,8.22,6.25,63,51,0,52,44,9,8
99,175393,국제수사,179.0,6.0,7.07,7.17,7.74,6.95,88,91,4,57,61,39,20
100,189001,인비저블맨,329.0,8.8,8.73,8.96,9.0,8.77,184,145,7,164,89,39,30
101,166092,PMC: 더 벙커,1168.0,6.57,6.51,6.62,6.46,6.5,642,526,47,491,292,234,105
102,193970,더 프롬,4.0,10.0,10.0,8.0,0.0,0.0,1,3,1,1,2,0,0
105,154672,"안녕, 티라노: 영원히, 함께",163.0,9.0,9.0,8.52,8.63,8.67,34,129,2,15,93,51,3
107,191677,엠마,3.0,0.0,7.5,0.0,0.0,8.0,3,0,0,2,0,0,1
109,191585,맹크,15.0,0.0,7.44,7.17,0.0,0.0,11,4,0,9,6,0,0
112,180025,해치지않아,402.0,6.0,7.06,7.45,7.71,7.04,177,225,8,145,113,113,24
113,152385,꾼,4320.0,8.7,8.35,8.17,8.28,8.37,2203,2117,173,2290,950,648,259
114,153620,치즈인더트랩,121.0,7.29,7.15,8.73,6.86,9.2,31,90,7,80,22,7,5
117,179875,비스트,269.0,8.33,7.92,8.34,8.32,8.79,194,75,3,102,81,59,24
118,198754,힐빌리의 노래,6.0,0.0,10.0,9.33,10.0,8.0,2,4,0,1,3,1,1
119,181704,로켓맨,176.0,8.0,8.65,9.03,8.32,9.06,69,107,2,70,67,19,18
127,159866,닥터 두리틀,650.0,7.71,7.85,8.33,8.32,7.78,286,364,20,221,221,156,39
128,185933,캣츠,576.0,5.11,5.79,6.5,7.17,6.89,265,311,17,196,156,150,58
136,192624,트라이얼 오브 더 시카고 7,8.0,0.0,8.33,10.0,0.0,6.0,4,4,0,6,1,0,1
140,172118,극장판 도라에몽: 진구의 보물섬,361.0,10.0,9.41,8.93,8.91,8.5,97,264,4,22,202,126,7
152,162148,샘,11.0,0.0,8.67,9.5,10.0,8.0,3,8,0,6,2,1,2
153,154508,용순,74.0,6.5,8.17,8.04,8.38,8.0,23,51,4,36,25,8,1
154,168405,여중생A,138.0,7.0,7.0,8.36,8.03,7.67,43,95,11,77,14,30,6
155,159805,흥부: 글로 세상을 바꾼 자,364.0,3.67,6.72,7.27,6.81,7.03,157,207,7,153,116,62,29
156,187366,극장판 헬로카봇 : 달나라를 구해줘!,375.0,0.0,7.91,7.91,7.99,7.0,101,274,0,22,274,75,0
158,189260,라스트 크리스마스,78.0,6.5,7.36,6.78,7.0,8.2,35,43,4,39,18,12,5
167,140656,커런트 워,15.0,0.0,7.5,8.33,8.33,5.67,8,7,0,6,3,3,3
173,170860,기도의 막이 내릴 때,1.0,0.0,0.0,0.0,8.0,0.0,1,0,0,0,0,1,0
175,168045,바이스,98.0,0.0,8.52,8.9,8.85,8.59,43,55,0,29,39,13,17
176,182360,항거:유관순 이야기,1817.0,9.86,9.51,9.42,9.08,9.2,618,1199,91,799,400,418,127
177,96951,타짜: 원 아이드 잭,1503.0,7.86,6.56,6.8,7.13,7.28,977,526,0,631,496,271,105
178,181381,천문: 하늘에 묻는다,1256.0,9.24,8.78,8.82,8.83,8.68,691,565,13,402,402,289,151
179,179482,82년생 김지영,2199.0,9.69,9.33,8.96,8.87,8.72,616,1583,88,990,682,330,132
180,185838,히트맨,584.0,9.2,8.18,7.88,7.61,7.78,327,257,12,239,204,88,41
181,178544,사자,1196.0,8.15,7.57,8.13,8.05,8.29,574,622,48,478,335,239,96
182,196570,그레타 툰베리,4.0,0.0,10.0,0.0,9.0,0.0,4,0,0,2,0,2,0
187,180390,퍼펙트맨,457.0,8.1,8.72,8.45,8.0,8.71,247,210,9,197,133,82,37
189,178526,봉오동 전투,2580.0,9.56,9.11,8.99,9.07,8.92,1316,1264,77,980,697,568,232
190,154029,행복 목욕탕,104.0,10.0,8.73,9.05,8.92,9.44,43,61,1,45,37,12,9
191,189000,나이브스 아웃,587.0,8.81,9.05,9.01,8.81,8.35,294,294,23,270,170,70,53
193,76960,나쁜 녀석들 : 포에버,269.0,0.0,8.57,8.66,8.79,7.79,186,83,0,89,102,54,24
203,186613,작은 아씨들,551.0,9.26,9.27,8.95,8.94,9.09,182,369,28,270,127,83,50
209,187349,쥬만지: 넥스트 레벨,367.0,8.0,8.0,7.65,7.76,8.13,206,161,11,128,88,103,40
212,183110,예스터데이,230.0,4.83,7.82,8.29,8.82,7.52,133,97,7,97,62,44,21
217,85578,7년의 밤,436.0,3.3,6.08,5.79,6.34,6.71,214,222,9,209,122,65,26
218,174807,배반의 장미,114.0,10.0,7.85,8.1,8.0,7.88,47,67,1,46,51,8,8
219,175365,빅샤크: 매직체인지,151.0,0.0,8.33,7.52,7.74,0.0,29,122,0,12,112,27,0
220,177975,양아치 느와르,1.0,0.0,0.0,0.0,9.0,0.0,1,0,0,0,0,1,0
221,154986,아기와 나,7.0,0.0,9.0,6.67,0.0,0.0,3,4,0,4,3,0,0
228,177510,암전,50.0,5.0,5.39,5.25,4.0,2.33,32,18,5,31,8,3,3
229,190447,고양이 집사,8.0,0.0,10.0,10.0,10.0,0.0,4,4,0,1,5,2,0
231,181046,창간호,10.0,10.0,9.33,7.0,0.0,0.0,2,8,2,6,2,0,0
232,159070,자전차왕 엄복동,178.0,7.0,7.44,7.4,7.16,7.86,84,94,2,55,39,44,36
234,174294,성혜의 나라,11.0,0.0,7.83,10.0,10.0,8.5,7,4,0,6,1,2,2
235,164104,피의 연대기,137.0,9.62,9.69,9.34,9.75,8.0,22,115,8,86,38,4,1
239,189537,#살아있다,972.0,5.36,6.72,7.2,7.33,8.18,593,379,39,389,340,136,68
241,177374,증인,2480.0,9.28,9.15,9.11,9.16,9.21,1017,1463,124,992,570,546,273
242,169078,기묘한 가족,264.0,9.0,7.7,7.03,7.05,7.5,100,164,11,114,69,45,26
245,186821,정직한 후보,362.0,9.86,8.49,8.15,8.42,8.36,170,192,7,156,112,51,36
246,182355,분노의 질주: 홉스&amp;쇼,2104.0,8.77,8.94,8.89,8.6,8.6,1304,800,42,884,631,400,126
253,190720,젠틀맨,62.0,0.0,9.04,8.83,7.8,8.5,43,19,0,25,24,5,8
261,176306,남산의 부장들,2052.0,8.65,8.6,8.47,8.22,8.38,1354,698,21,677,821,369,164
262,74407,좀비랜드: 더블 탭,96.0,9.4,8.61,7.92,8.5,8.0,76,20,5,59,24,4,4
265,189712,코드 8,1.0,0.0,0.0,5.0,0.0,0.0,1,0,0,0,1,0,0
272,177509,미스터 주: 사라진 VIP,231.0,8.0,7.3,7.92,7.67,7.56,129,102,2,62,65,74,25
273,127858,추억의 마니,160.0,9.33,8.76,8.64,8.54,0.0,53,107,6,86,42,26,0
275,39640,하울의 움직이는 성,541.0,9.66,9.31,9.22,9.39,9.09,168,373,81,243,124,76,11
281,183876,시동,1799.0,8.59,8.65,8.65,8.77,8.43,989,810,36,684,558,396,126
283,185131,김복동,169.0,9.71,9.76,9.91,9.87,10.0,49,120,7,69,46,39,7
286,172113,이별의 아침에 약속의 꽃을 장식하자,82.0,9.0,9.13,9.18,9.0,9.0,47,35,9,47,11,12,3
287,175318,너의 췌장을 먹고 싶어,132.0,9.25,8.31,8.05,8.75,9.25,88,44,20,71,21,16,4
292,146534,자백,746.0,9.73,9.54,9.68,9.58,9.52,373,373,7,216,239,194,82
293,165022,호텔 뭄바이,126.0,10.0,9.21,9.06,8.75,9.11,71,55,1,52,35,20,18
294,154419,레이디 맥베스,135.0,10.0,7.87,7.98,8.0,7.7,39,96,1,70,40,14,9
298,182387,윤희에게,505.0,9.65,9.4,9.07,8.58,8.26,126,379,30,293,126,30,25
299,189053,블랙머니,860.0,9.7,8.73,8.82,8.72,8.51,473,387,9,413,241,129,69
300,190026,숀더쉽 더 무비: 꼬마 외계인 룰라!,32.0,8.0,9.93,9.45,10.0,10.0,7,25,1,14,11,3,3
305,173653,"그날, 바다",1554.0,9.6,9.84,9.83,9.81,9.76,715,839,16,420,528,451,140
306,179430,모어 댄 블루,25.0,7.0,7.94,9.0,8.0,0.0,12,13,4,17,3,1,0
307,132946,4등,115.0,10.0,8.6,8.82,8.61,9.67,41,74,1,49,38,23,3
309,130267,다시..올래,2.0,0.0,0.0,10.0,10.0,0.0,2,0,0,0,1,1,0
315,164172,내안의 그놈,1716.0,9.14,8.84,8.7,8.49,8.63,721,995,103,892,360,275,103
316,180381,장난스런 키스,497.0,9.08,8.36,8.19,8.65,9.36,114,383,94,268,55,70,10
321,182205,가장 보통의 연애,1294.0,8.93,8.54,8.64,8.4,8.03,595,699,26,634,401,168,65
322,175404,두번할까요,94.0,0.0,7.52,7.81,5.36,5.83,41,53,0,50,27,11,6
325,180374,마이펫의 이중생활2,839.0,9.71,9.06,9.01,8.93,8.71,201,638,17,143,369,294,25
326,177381,펭귄 하이웨이,67.0,8.8,6.74,7.26,7.69,0.0,34,33,5,27,19,16,0
328,174797,판소리 복서,138.0,0.0,9.16,9.3,8.96,9.47,69,69,0,58,40,23,17
329,189111,두 교황,131.0,0.0,8.95,9.31,9.46,9.47,54,77,0,22,48,28,31
333,182014,미드소마,257.0,6.25,7.59,7.94,7.75,7.25,113,144,5,170,64,15,5
334,188056,결혼 이야기,168.0,9.0,9.04,8.87,8.78,8.56,64,104,2,71,69,18,8
335,175316,"힘을 내요, 미스터 리",592.0,8.08,8.38,8.55,8.11,8.42,266,326,12,201,189,154,36
336,164968,노 게임 노 라이프 -제로-,1.0,0.0,8.0,0.0,0.0,0.0,1,0,0,1,0,0,0
337,164155,벽 속에 숨은 마법시계,248.0,7.3,7.41,8.0,8.64,7.31,94,154,10,92,72,62,12
343,154298,아이리시맨,264.0,7.0,9.15,8.51,8.81,8.61,211,53,0,116,82,32,32
344,142266,그대 이름은 장미,79.0,10.0,7.79,6.77,7.65,7.58,32,47,3,34,13,17,12
350,179158,유열의 음악앨범,794.0,7.52,7.59,7.84,8.09,8.23,302,492,32,326,238,143,64
351,187526,더 킹: 헨리 5세,81.0,10.0,8.36,8.41,8.22,8.6,32,49,1,25,27,18,10
355,142699,원라인,923.0,8.83,8.66,8.55,8.77,9.08,462,462,37,563,185,92,46
364,174301,카메라를 멈추면 안 돼!,663.0,9.15,9.17,9.0,8.87,8.59,325,338,13,332,239,66,20
366,150637,남한산성,4802.0,7.83,8.21,8.09,8.13,8.35,2689,2113,144,2017,1249,1008,432
367,140696,희생부활자,355.0,6.15,6.52,7.07,6.29,7.0,174,181,21,192,82,50,11
368,181912,파이브 피트,123.0,8.93,9.33,9.21,7.27,8.44,39,84,15,64,25,11,9
369,168086,원더랜드,57.0,0.0,7.0,8.45,8.75,0.0,12,45,0,2,31,24,0
373,171750,여곡성,7.0,1.0,3.67,6.0,8.5,0.0,6,1,1,3,1,2,0
374,167374,뷰티풀 데이즈,25.0,7.0,8.17,8.44,8.0,9.0,10,15,1,12,9,1,2
379,162173,노무현입니다,3295.0,9.42,9.47,9.55,9.47,9.37,1417,1878,66,1153,1087,758,231
380,146506,군함도,9106.0,7.36,7.13,7.31,7.66,7.77,4189,4917,364,3642,2368,2003,637
381,121303,빅터 영 페레즈,1.0,0.0,9.0,0.0,0.0,0.0,1,0,0,1,0,0,0
382,137008,리얼,651.0,4.58,4.3,4.31,5.02,4.54,319,332,33,332,163,91,39
383,154112,불한당: 나쁜 놈들의 세상,1071.0,8.74,8.41,7.87,7.66,7.49,536,536,32,589,268,129,54
384,134895,봉이 김선달,2693.0,8.86,8.3,8.04,8.24,8.34,1077,1616,135,1185,619,592,162
385,144280,임금님의 사건수첩,2547.0,8.4,8.03,7.87,8.18,8.3,1044,1503,76,1095,637,586,153
386,146469,택시운전사,18925.0,9.59,9.35,9.2,9.18,9.16,8706,10220,757,8516,4920,3596,1136
387,127382,조작된 도시,3974.0,8.49,8.47,8.57,8.77,8.78,1947,2027,199,1987,874,755,199
388,142384,공조,14089.0,9.29,8.88,8.67,8.83,8.92,6481,7608,423,6058,3522,3100,986
389,146530,장기왕: 가락시장 레볼루션,24.0,0.0,9.45,8.82,7.0,8.0,7,17,0,11,11,1,1
391,143473,아빠는 딸,1065.0,9.22,8.58,8.29,8.64,8.46,532,532,53,682,192,117,32
392,142304,뚜르: 내 생애 최고의 49일,103.0,0.0,9.7,9.57,9.05,9.3,59,44,0,37,37,19,10
393,175040,수영장으로 간 남자들,33.0,9.0,8.8,9.18,10.0,9.0,12,21,1,10,17,1,4
395,174627,헬 페스트,4.0,0.0,6.0,8.0,6.0,0.0,1,3,0,2,1,1,0
396,144266,후드,332.0,8.71,8.11,8.06,8.05,8.04,199,133,7,149,90,56,27
400,154270,몰리스 게임,24.0,9.0,8.0,8.5,10.0,8.33,14,10,2,10,6,3,3
404,149059,세일즈맨,45.0,10.0,8.25,8.6,8.29,8.5,26,19,1,20,15,7,2
405,164139,범블비,1720.0,9.42,8.81,8.62,8.78,8.75,946,774,52,636,550,430,69
406,10922,고령가 소년 살인사건,62.0,8.0,9.22,9.07,8.75,8.0,24,38,1,41,15,4,1
414,146508,죽여주는 여자,316.0,8.83,8.48,8.66,8.35,7.85,92,224,6,164,70,41,35
415,160721,박화영,277.0,8.19,8.89,8.88,8.5,9.25,119,158,17,208,42,6,3
416,141206,궁합,1817.0,6.81,7.43,7.22,7.87,7.72,672,1145,36,781,436,382,164
417,157974,살인소설,44.0,10.0,7.73,6.67,7.23,0.0,25,19,1,15,15,13,0
418,63969,카모메 식당,5.0,0.0,9.0,8.0,10.0,9.0,5,0,0,2,1,1,1
421,168298,지금 만나러 갑니다,2497.0,9.32,9.07,8.88,8.7,8.77,1199,1298,75,1448,649,225,75
423,140652,너의 결혼식,5310.0,9.43,9.12,8.68,8.65,8.53,2443,2867,372,3345,903,478,159
430,146524,보안관,4029.0,8.83,8.3,8.11,8.22,8.23,2014,2014,161,2216,886,564,201
431,153652,청년경찰,7543.0,9.4,9.17,8.85,8.69,8.55,3394,4149,453,4375,1433,981,302
432,120165,해어화,710.0,8.09,8.32,7.91,8.4,8.35,248,462,14,383,170,99,50
438,167105,암수살인,6161.0,8.9,8.67,8.49,8.32,8.51,3265,2896,185,3265,1602,801,308
442,164173,뺑반,1448.0,7.07,7.23,6.8,7.3,7.41,565,883,87,666,333,217,130
443,165748,조선명탐정: 흡혈괴마의 비밀,2009.0,7.53,7.44,7.61,7.64,7.12,964,1045,60,804,563,442,121
447,159716,나의 서른에게,19.0,0.0,8.5,9.5,10.0,0.0,5,14,0,14,4,1,0
448,164151,변산,448.0,8.0,8.39,8.1,8.7,8.13,202,246,13,211,112,81,31
450,10101,로마의 휴일,4.0,10.0,10.0,9.5,0.0,0.0,1,3,1,1,2,0,0
451,148946,키코리키: 황금모자의 비밀,43.0,0.0,7.4,7.23,7.45,10.0,6,37,0,5,26,11,1
452,159877,레슬러,647.0,3.64,6.37,6.75,6.39,6.77,278,369,19,252,181,142,45
453,155716,박열,3216.0,9.13,8.58,8.27,8.29,8.27,1608,1608,129,1833,675,386,161
462,159848,더 포스트,326.0,9.25,8.76,8.74,8.62,9.04,150,176,7,137,85,39,55
463,159146,부에나 비스타 소셜 클럽2: 아디오스,24.0,0.0,9.33,9.18,10.0,7.2,9,15,0,6,11,2,5
464,145292,"당신, 거기 있어줄래요",2889.0,9.14,8.86,8.52,8.39,8.78,1560,1329,173,2080,376,173,87
466,167099,사바하,1920.0,6.5,7.3,7.69,7.36,7.45,1094,826,38,960,557,250,96
467,92125,헌터 킬러,101.0,10.0,9.03,8.86,8.86,9.2,84,17,3,32,29,22,15
475,144215,아토믹 블론드,351.0,8.25,8.07,7.88,8.02,8.32,183,168,4,197,84,49,18
479,31801,봄날은 간다,16.0,8.0,9.43,10.0,9.5,9.0,6,10,2,7,3,2,2
480,154625,대관람차,49.0,0.0,8.22,8.67,9.17,9.0,24,25,0,27,15,6,1
481,168172,로마서 8:37,35.0,0.0,9.28,8.92,9.0,5.0,19,16,0,18,13,3,1
482,159747,더 미드와이프,21.0,8.0,7.5,8.78,10.0,9.17,5,16,1,4,9,1,6
485,83528,북촌방향,8.0,0.0,9.0,8.33,10.0,0.0,4,4,0,4,3,1,0
486,172798,캡틴 스터비,22.0,0.0,10.0,9.38,8.29,0.0,5,17,0,2,13,7,0
488,169899,더 펜션,4.0,0.0,0.0,8.0,8.0,9.0,2,2,0,0,1,1,2
489,160009,내 친구 정일우,27.0,0.0,9.75,9.5,9.5,9.67,14,13,0,8,10,6,3
493,179840,마틸다: 황제의 연인,6.0,0.0,9.0,6.0,10.0,8.0,1,5,0,1,2,1,2
494,162265,행복의 나라,4.0,0.0,9.5,8.5,0.0,0.0,1,3,0,2,2,0,0
495,75744,옥희의 영화,22.0,10.0,8.86,9.17,8.0,0.0,9,13,1,14,6,1,0
498,154981,나의 연기 워크샵,31.0,9.0,7.95,7.57,0.0,0.0,16,15,3,21,7,0,0
499,146566,메이플쏘프,37.0,0.0,8.65,6.57,8.14,8.67,19,18,0,17,7,7,6
500,159827,클레어의 카메라,105.0,7.0,7.39,7.55,8.11,9.5,49,56,1,49,44,9,2
501,175727,극장판 헬로카봇 : 백악기 시대,1817.0,0.0,9.27,9.38,9.04,8.94,382,1435,0,109,1363,327,18
502,162423,튼튼이의 모험,24.0,0.0,9.3,8.25,8.0,7.0,13,11,0,10,8,4,2
503,159670,알리바이 닷 컴,3.0,0.0,0.0,4.0,4.0,10.0,1,2,0,0,1,1,1
504,172040,리즈와 파랑새,119.0,9.24,9.12,8.37,9.4,8.0,75,44,17,76,19,5,2
505,159731,한낮의 유성,14.0,0.0,9.86,8.0,8.8,0.0,4,10,0,7,2,5,0
506,167107,땐뽀걸즈,199.0,9.45,9.45,9.53,8.87,9.62,44,155,12,109,56,16,8
507,75378,파수꾼,10.0,10.0,10.0,8.75,0.0,0.0,2,8,1,5,4,0,0
509,54970,하하하,9.0,0.0,9.0,8.33,9.0,0.0,3,6,0,4,3,2,0
511,159894,살아남은 아이,47.0,6.67,9.0,8.59,8.33,9.29,17,30,3,17,17,3,7
517,153580,악질경찰,249.0,0.0,7.25,6.49,7.92,7.67,152,97,0,107,80,37,25
518,181104,유랑지구,49.0,10.0,8.04,7.33,7.4,8.0,36,13,1,26,12,5,5
520,142739,바람 바람 바람,1390.0,5.96,6.54,7.0,6.49,6.75,667,723,28,737,348,195,83
521,99752,군도:민란의 시대,6115.0,7.57,7.3,7.31,7.36,7.49,3058,3058,428,2752,1651,978,245
522,167787,허스토리,406.0,9.63,9.68,9.41,8.96,9.57,85,321,28,227,81,45,20
523,159311,소공녀,497.0,8.88,9.26,9.19,9.14,8.12,159,338,15,328,109,35,10
533,154653,툴리,70.0,0.0,9.11,9.1,8.5,7.86,15,55,0,27,30,6,7
534,163533,안시성,10484.0,8.81,8.57,8.55,8.74,8.75,5242,5242,210,3565,2831,2831,1153
537,164106,협상,1797.0,8.72,8.09,8.06,8.32,8.38,881,916,54,881,431,305,126
539,152680,시카리오: 데이 오브 솔다도,104.0,9.0,8.68,9.14,8.86,8.5,73,31,2,34,37,21,10
540,167602,나를 차버린 스파이,25.0,0.0,8.21,7.8,0.0,10.0,7,18,0,19,5,0,1
558,152344,언니,164.0,10.0,7.37,6.82,7.27,7.94,97,67,2,59,49,38,16
564,173833,배드 사마리안,12.0,0.0,8.57,8.0,8.0,6.0,5,7,0,7,3,1,1
577,157297,마약왕,3144.0,6.71,7.15,7.1,7.21,7.62,1824,1320,31,1352,943,534,283
578,172420,유전,350.0,8.04,7.92,7.67,8.04,9.0,140,210,28,203,88,24,7
580,152669,엔테베 작전,2.0,0.0,0.0,7.0,0.0,8.0,2,0,0,0,1,0,1
581,154437,내 사랑,1589.0,8.92,9.08,9.27,9.21,9.21,445,1144,16,620,493,270,191
584,163744,"소녀, 하늘을 날다!",1.0,0.0,10.0,0.0,0.0,0.0,1,0,0,1,0,0,0
585,140010,사랑하기 때문에,655.0,7.93,8.54,8.07,8.43,8.08,242,413,26,360,131,105,39
590,153687,공작,6594.0,7.69,7.8,7.82,7.93,8.11,3495,3099,198,2704,1648,1385,659
596,173884,리벤져,21.0,0.0,9.83,9.17,8.0,0.0,7,14,0,12,6,3,0
598,167697,신과함께-인과 연,13435.0,9.07,8.62,8.62,8.6,8.4,5643,7792,672,5240,3627,3090,806
600,176622,미스터 앤 미스터 대디,1.0,0.0,0.0,8.0,0.0,0.0,1,0,0,0,1,0,0
602,172980,12번째 솔저,4.0,0.0,0.0,9.5,9.5,0.0,3,1,0,0,2,2,0
605,143416,미드나잇 선,461.0,9.31,8.8,8.67,8.57,8.27,171,290,46,300,74,28,14
607,156417,너와 100번째 사랑,246.0,8.52,8.59,7.39,9.0,10.0,71,175,62,145,22,15,0
608,153279,극장판 도라에몽:진구의 남극 꽁꽁 대모험,327.0,9.2,8.38,8.73,8.66,7.67,72,255,7,26,177,114,3
610,178097,로마,1492.0,9.1,9.12,9.25,9.27,9.13,612,880,15,537,492,224,209
613,165321,케이크메이커,94.0,8.33,7.5,7.95,8.27,8.11,24,70,3,32,39,11,9
617,158652,저니스 엔드,6.0,0.0,9.75,10.0,8.0,0.0,2,4,0,4,1,1,0
628,155715,7호실,411.0,8.32,6.67,7.84,6.86,7.17,160,251,33,206,90,58,25
629,159830,너의 췌장을 먹고 싶어,204.0,9.69,8.28,8.22,8.0,8.57,124,80,16,114,47,20,6
633,168059,브레이븐,5.0,0.0,10.0,9.0,10.0,0.0,2,3,0,2,2,1,0
637,195681,팔로우 미,2.0,0.0,9.0,0.0,0.0,0.0,1,1,0,2,0,0,0
639,168479,식스 빌로우,1.0,0.0,0.0,0.0,10.0,0.0,1,0,0,0,0,1,0
645,142324,데스노트: 더 뉴 월드,114.0,6.33,7.25,8.0,8.0,0.0,71,43,3,71,34,6,0
646,156091,심야식당2,213.0,6.0,8.93,8.82,7.9,9.22,106,106,0,113,70,19,9
651,157500,마이펫 오지,181.0,8.33,7.77,7.92,8.38,10.0,36,145,4,13,103,62,2
652,133129,"고산자, 대동여지도",1399.0,8.26,7.88,8.06,8.07,8.27,658,741,28,546,364,322,126
653,140731,분노의 질주: 더 익스트림,6166.0,9.37,9.26,9.13,8.91,9.02,3576,2590,123,3330,1665,740,247
657,109906,인랑,1410.0,4.64,4.47,5.75,6.15,6.6,719,691,85,634,310,282,127
658,171490,나의 작은 시인에게,111.0,7.0,9.02,7.94,8.46,8.2,31,80,1,48,34,13,16
665,133424,데몰리션,531.0,9.8,8.47,8.36,8.44,8.23,212,319,5,276,175,48,32
668,57723,타짜,38.0,0.0,8.94,9.6,9.0,9.6,22,16,0,16,15,2,5
680,146407,다크타워: 희망의 탑,199.0,9.0,7.44,7.32,7.07,7.36,133,66,6,88,66,28,14
681,35939,클래식,14.0,10.0,9.62,10.0,10.0,0.0,7,7,1,8,2,3,0
684,121090,우리는 형제입니다,558.0,7.71,7.66,7.62,7.73,7.56,240,318,39,324,106,78,11
691,158885,콜 미 바이 유어 네임,911.0,9.0,9.18,9.04,9.21,9.0,146,765,27,537,246,82,18
693,152656,쥬만지: 새로운 세계,2222.0,8.71,8.55,8.37,8.28,7.93,1000,1222,89,1111,489,444,89
699,136893,좋아해줘,1003.0,8.72,8.6,8.45,8.63,9.24,391,612,80,572,211,110,30
701,88227,블레이드 러너 2049,646.0,8.2,8.3,8.27,7.96,8.14,446,200,13,252,200,142,45
708,143402,베이비 드라이버,1160.0,8.57,8.44,8.36,8.32,8.15,638,522,35,719,278,104,23
713,149512,재심,3842.0,8.69,8.73,8.71,8.57,8.78,1959,1883,154,2190,807,499,231
719,151196,원더,319.0,10.0,9.45,9.47,9.32,9.56,93,226,6,108,86,93,26
720,158631,허리케인 하이스트,243.0,7.5,8.86,8.29,7.85,8.42,114,129,2,119,68,41,12
723,146489,패딩턴 2,436.0,8.88,9.22,9.15,9.09,9.08,109,327,9,78,179,161,13
732,143373,"사랑, 스무살",14.0,5.0,6.6,8.2,8.0,8.5,4,10,1,5,5,1,2
733,145376,최강전사 미니특공대 : 영웅의 탄생,495.0,8.0,8.69,8.52,8.18,5.0,139,356,0,35,371,84,5
735,143460,러빙,32.0,0.0,8.33,8.2,8.5,7.33,13,19,0,15,10,4,3
737,178456,은혼2: 규칙은 깨라고 있는 것,29.0,9.5,9.06,10.0,10.0,9.5,11,18,2,17,5,3,2
739,110333,레지던트 이블: 파멸의 날,2328.0,9.2,8.74,8.43,8.38,8.31,1467,861,47,1187,722,303,93
740,168036,크리미널 스쿼드,11.0,0.0,6.6,10.0,5.0,8.0,6,5,0,5,1,3,2
750,152249,커뮤터,337.0,9.5,9.06,8.69,8.2,8.63,189,148,3,158,88,61,30
752,185267,데드 돈 다이,32.0,6.0,6.4,7.0,7.0,7.0,15,17,1,15,9,5,2
753,181286,바이올렛 에버가든 - 영원과 자동 수기 인형 -,17.0,0.0,8.92,10.0,9.33,0.0,14,3,0,13,1,3,0
754,165461,공범자들,982.0,10.0,9.66,9.63,9.59,9.45,412,570,10,285,285,275,137
755,152183,"무현, 두 도시 이야기",1301.0,8.0,9.44,9.47,9.46,9.36,598,703,13,351,481,351,104
756,164102,영주,100.0,9.67,9.45,8.81,9.89,9.67,25,75,9,55,21,9,6
757,160720,아기돼지 3형제와 매직램프,102.0,0.0,8.33,7.46,7.6,7.0,18,84,0,6,80,15,1
758,152486,사랑은 부엉부엉,45.0,10.0,7.67,7.67,7.5,0.0,6,39,1,27,15,2,0
759,155228,아버지와 이토씨,30.0,0.0,7.73,9.0,8.0,8.33,18,12,0,15,11,1,3
760,156930,파리 투 마르세유: 2주간의 여행,2.0,0.0,0.0,8.0,0.0,9.0,1,1,0,0,1,0,1
761,147835,미션 이스탄불,1.0,0.0,0.0,0.0,0.0,7.0,1,0,0,0,0,0,1
764,101966,토이 스토리 4,2704.0,9.45,9.27,9.24,9.09,9.13,1082,1622,54,1109,919,541,54
768,149516,리틀메딕: 몸속탐험대,170.0,1.0,8.9,7.9,7.8,8.5,37,133,2,10,128,31,2
769,134899,동주,2987.0,9.52,9.23,9.14,9.01,8.96,1075,1912,149,1643,568,418,179
770,151117,더 테이블,860.0,8.41,8.43,8.19,7.85,8.33,232,628,17,533,224,69,17
771,138601,여배우는 오늘도,255.0,8.9,8.7,8.94,9.14,8.5,56,199,10,150,69,13,10
773,161850,아이 캔 스피크,4410.0,9.53,9.26,9.13,9.24,9.11,1632,2778,265,2293,926,662,265
775,130787,치외법권,347.0,7.5,7.37,6.8,6.84,8.64,198,149,17,191,69,56,10
798,100205,어쌔신: 더 비기닝,227.0,6.67,8.39,8.14,6.97,7.95,129,98,2,100,73,30,20
806,127378,아이스 에이지: 지구 대충돌,1593.0,7.33,8.03,8.0,8.18,8.29,350,1243,0,143,956,446,16
815,144130,서버비콘,41.0,0.0,7.71,8.54,8.88,7.33,11,30,0,17,13,8,3
816,154273,에스코바르,16.0,0.0,9.33,8.88,7.33,8.5,14,2,0,3,8,3,2
820,85579,신과함께-죄와 벌,26297.0,9.09,8.76,8.66,8.73,8.44,11834,14463,1315,11834,6574,4996,1315
823,116233,패신저스,1225.0,7.97,8.13,8.07,7.77,7.82,698,527,37,637,257,208,86
835,162854,바르다가 사랑한 얼굴들,288.0,9.5,8.95,8.71,9.21,9.18,84,204,3,118,98,29,40
837,166463,맨헌트,6.0,0.0,9.0,6.0,8.5,0.0,6,0,0,1,1,4,0
843,163832,"괜찮아요, 미스터 브래드",63.0,0.0,8.92,8.0,8.22,7.67,16,47,0,24,24,9,6
845,44911,무뢰한,432.0,6.89,7.35,7.42,6.6,7.84,177,255,9,229,125,48,17
848,140647,위자 : 저주의 시작,460.0,8.22,7.67,7.16,7.88,8.42,248,212,69,313,46,23,14
851,153651,염력,852.0,4.47,6.11,6.28,6.08,6.98,443,409,17,332,247,204,51
859,164719,플로리다 프로젝트,372.0,8.3,8.9,8.9,9.2,9.38,119,253,11,208,123,19,7
862,152694,킬링 디어,203.0,8.86,8.4,8.29,7.58,7.7,83,120,6,104,69,12,10
865,152646,시체들의 새벽: 컨테이젼,1.0,0.0,8.0,0.0,0.0,0.0,1,0,0,1,0,0,0
875,163824,파라독스,1.0,0.0,0.0,4.0,0.0,0.0,1,0,0,0,1,0,0
878,144944,맨 인 더 다크,2590.0,8.78,8.48,8.2,7.71,8.6,1528,1062,104,1968,337,104,52
880,156565,이 세상의 한구석에,6.0,10.0,8.0,0.0,9.0,0.0,4,2,1,4,0,1,0
882,188909,강철비2: 정상회담,975.0,8.0,7.66,7.81,8.34,8.54,575,400,29,332,302,224,98
884,143409,녹터널 애니멀스,410.0,10.0,8.54,8.29,7.61,8.12,131,279,0,201,148,37,25
888,154206,콜럼버스,49.0,0.0,8.12,7.41,9.2,3.0,14,35,0,26,17,5,1
890,153964,목소리의 형태,924.0,9.2,8.63,8.52,8.69,8.75,610,314,194,517,83,102,28
891,144379,러빙 빈센트,4011.0,9.4,9.24,9.14,9.07,9.05,1243,2768,120,1885,1043,562,401
892,127374,킹 아서: 제왕의 검,451.0,7.5,8.26,7.88,8.09,8.37,289,162,9,216,135,72,18
898,137890,살인자의 기억법,3366.0,8.44,8.32,7.86,8.03,8.0,1818,1548,135,1885,842,370,101
901,155256,악녀,1655.0,8.7,7.84,7.79,7.73,7.87,993,662,17,910,480,199,50
906,168551,뉴니스,49.0,0.0,8.24,8.25,8.33,9.0,16,33,0,25,20,3,1
912,157178,"나는 내일, 어제의 너와 만난다",1114.0,8.96,8.46,7.96,7.89,8.83,624,490,134,769,134,56,22
913,182578,고스트버스터즈 라이즈,363.0,8.6,7.25,7.48,7.07,7.36,203,160,4,127,120,83,25
918,124025,시간이탈자,1557.0,8.38,7.92,7.74,7.78,7.48,794,763,78,996,311,140,47
919,125802,비밀은 없다,516.0,6.94,6.91,7.28,7.04,6.21,212,304,15,294,139,46,21
921,129406,미쓰 와이프,1530.0,9.03,8.67,8.58,8.65,8.91,551,979,92,826,306,230,76
922,144943,언더 워터,828.0,8.16,8.19,8.26,8.27,8.7,397,431,41,505,157,91,33
926,144958,철의 심장을 가진 남자,6.0,0.0,5.0,5.0,0.0,8.0,5,1,0,1,2,0,3
927,124205,스파이 게임,4.0,0.0,0.0,7.0,6.5,9.0,2,2,0,0,1,2,1
929,119966,쎄시봉,1567.0,8.16,7.92,7.77,8.02,8.34,674,893,63,736,407,235,110
932,129051,성난 변호사,1423.0,8.77,8.59,8.16,8.43,8.34,726,697,71,840,299,142,57
933,144188,도쿄 연애사건,1.0,0.0,10.0,0.0,0.0,0.0,1,0,0,1,0,0,0
934,106522,우아한 거짓말,807.0,8.55,8.18,8.14,8.27,8.72,315,492,73,404,169,145,16
936,107374,나를 잊지 말아요,681.0,6.27,6.76,6.77,6.78,6.33,293,388,34,354,184,82,34
937,149027,이탈리안 레이스,1.0,0.0,0.0,0.0,10.0,0.0,1,0,0,0,0,1,0
938,124041,차이나타운,1707.0,8.04,7.7,7.35,7.3,7.6,854,854,51,990,427,188,68
939,142242,이웃집에 신이 산다,591.0,7.74,7.18,7.92,6.97,7.75,266,325,30,431,89,30,18
940,115366,도희야,80.0,7.33,7.09,7.53,8.57,6.0,27,53,3,47,19,7,4
942,127397,콩: 스컬 아일랜드,2782.0,8.49,8.31,7.99,7.98,8.19,1697,1085,28,1141,807,696,111
943,103760,강남 1970,3020.0,7.95,7.63,7.63,8.28,8.09,1570,1450,30,1480,876,453,151
944,132627,레고 배트맨 무비,383.0,9.67,8.67,8.71,8.65,8.62,123,260,8,61,184,123,8
945,151751,로건 럭키,27.0,0.0,8.08,8.83,8.67,0.0,14,13,0,12,12,3,0
951,121052,넛잡 2,608.0,7.25,8.34,8.8,8.38,6.75,140,468,6,36,383,182,6
952,140064,샷 콜러,6.0,0.0,9.0,9.0,8.0,0.0,3,3,0,3,2,1,0
953,165791,더 포리너,4.0,0.0,10.0,9.0,0.0,0.0,1,3,0,2,2,0,0
964,150198,너의 이름은.,11225.0,9.49,9.05,8.8,8.86,8.75,6062,5164,1122,6174,1796,1796,337
968,167103,몬스터 섬의 비밀,59.0,9.0,7.0,8.38,8.11,0.0,13,46,1,4,45,9,0
969,191597,보스 베이비 2,534.0,8.62,9.06,9.02,9.1,9.62,256,278,5,166,198,123,37
970,146517,프리즌,4603.0,8.18,8.35,8.1,8.16,8.17,2670,1933,46,2532,1105,598,276
974,158910,예수는 역사다,338.0,9.5,8.86,9.09,8.97,9.29,135,203,7,112,101,64,54
975,137875,해빙,2008.0,6.28,6.65,6.71,6.61,6.57,984,1024,100,1265,361,221,60
980,151715,오직 사랑뿐,50.0,0.0,8.31,8.8,8.54,8.67,13,37,0,16,15,13,6
982,142251,원스 어폰 어 타임 인 베니스,6.0,0.0,6.0,10.0,4.0,0.0,2,4,0,3,2,1,0
983,159785,플랜비,3.0,0.0,6.5,4.0,0.0,0.0,2,1,0,2,1,0,0
988,146485,특별시민,2255.0,7.48,7.72,7.77,7.7,8.05,1308,947,45,1218,519,293,158
991,142803,형,4001.0,9.32,8.99,8.56,8.85,9.01,1720,2281,320,2201,720,600,120
992,44913,아수라,6219.0,6.63,6.42,6.69,6.73,6.88,3794,2425,187,3545,1555,622,249
993,123519,아가씨,9457.0,7.97,7.86,7.47,7.18,7.36,3972,5485,284,5769,2175,946,378
994,154214,시간위의 집,287.0,7.6,8.42,8.15,8.49,8.5,126,161,6,161,77,34,9
995,115504,탐정 홍길동: 사라진 마을,2334.0,8.73,8.27,8.06,8.27,7.77,980,1354,140,1354,467,303,70
996,140695,럭키,12347.0,9.34,8.94,8.54,8.41,8.44,6297,6050,494,6667,2840,1852,494
998,168092,롱 샷,218.0,8.0,8.98,8.79,8.76,8.77,94,124,2,94,68,28,26
1000,153342,더 바,5.0,0.0,9.33,7.0,0.0,0.0,2,3,0,3,2,0,0
1003,115642,신비한 동물사전,9036.0,9.05,8.77,8.43,8.42,8.31,4247,4789,542,5964,1355,904,181
1007,115520,극적인 하룻밤,298.0,8.4,7.44,7.62,7.67,7.3,137,161,6,226,39,18,9
1008,139698,리틀드래곤 코코넛,63.0,0.0,8.78,8.13,7.5,0.0,9,54,0,9,52,2,0
1009,146386,업 포 러브,56.0,9.33,8.66,8.69,9.67,8.8,27,29,3,32,13,3,5
1011,122195,서울역,379.0,5.68,5.13,5.22,5.6,7.0,182,197,23,235,64,53,8
1017,127375,더 셰프,289.0,8.33,7.81,7.89,8.28,8.42,142,147,9,188,55,26,12
1018,144221,퍼스널 쇼퍼,111.0,9.0,7.65,7.47,7.77,6.91,37,74,2,49,36,13,11
1021,100647,히말라야,12369.0,8.73,8.63,8.66,8.75,8.77,5690,6679,618,5442,3092,2474,866
1022,118955,월요일이 사라졌다,36.0,7.0,8.5,8.67,8.33,8.5,20,16,1,12,15,6,2
1023,134859,어카운턴트,113.0,9.5,8.42,7.65,7.96,7.56,79,34,5,55,20,25,9
1027,125444,제5침공,271.0,6.93,6.92,6.52,5.6,6.0,152,119,16,114,62,68,14
1029,144938,씽,5002.0,8.97,9.11,8.95,9.0,8.87,1200,3802,100,850,2851,1150,50
1033,154461,제인 도,134.0,10.0,8.48,7.75,8.67,8.33,72,62,1,98,28,3,3
1034,127322,폴링 스노우,8.0,0.0,7.0,9.5,7.0,8.5,3,5,0,2,2,2,2
1044,156465,밤의 해변에서 혼자,618.0,9.5,7.66,7.61,8.05,7.04,216,402,0,309,192,62,49
1047,144355,감바의 대모험,227.0,10.0,9.08,8.81,8.89,0.0,54,173,0,14,150,64,0
1051,143435,옥자,11030.0,9.04,8.84,8.72,8.61,8.54,4191,6839,331,5956,3199,1213,331
1055,143495,설리: 허드슨강의 기적,901.0,8.34,9.0,8.91,8.79,9.03,478,423,36,450,207,144,63
1056,144945,아기배달부 스토크,820.0,8.5,9.12,8.8,8.76,9.0,180,640,16,115,508,172,8
1057,157243,당갈,306.0,9.65,9.79,9.5,8.85,9.38,70,236,18,187,55,24,21
1058,137952,밀정,14787.0,8.95,8.64,8.39,8.52,8.62,7689,7098,444,7394,3549,2366,887
1064,105389,우리 선희,5.0,0.0,9.0,9.0,8.0,0.0,3,2,0,3,1,1,0
1065,143437,스페이스 비트윈 어스,54.0,10.0,8.17,8.4,8.2,9.0,30,24,4,29,10,10,1
1068,129383,미스 페레그린과 이상한 아이들의 집,5163.0,8.95,8.61,8.42,8.44,8.63,2220,2943,361,2995,929,723,155
1071,53280,애니 레보비츠: 렌즈를 통해 들여다본 삶,4.0,0.0,8.0,10.0,0.0,0.0,2,2,0,3,1,0,0
1076,167569,더 수어사이드 스쿼드,356.0,7.33,8.04,7.93,7.94,7.12,235,121,11,157,150,32,7
1077,152684,문라이트,924.0,7.88,8.46,8.36,8.63,7.58,342,582,18,564,240,74,37
1081,137346,딥워터 호라이즌,287.0,8.6,8.73,9.14,8.46,8.32,129,158,6,112,86,55,29
1082,120791,레전드 오브 타잔,1399.0,8.59,8.12,7.94,7.83,8.14,727,672,28,672,336,294,84
1098,154379,"내 어깨 위 고양이, 밥",100.0,9.67,9.32,9.17,9.45,9.14,33,67,3,37,42,11,7
1102,125405,하늘을 걷는 남자,425.0,7.6,8.5,8.56,8.6,8.83,212,212,17,285,85,30,13
1116,114282,컨저링 2,4264.0,8.73,8.37,8.09,8.09,8.53,2473,1791,298,3070,597,256,85
1119,130966,부산행,31466.0,9.02,8.67,8.49,8.48,8.38,15418,16048,1573,15418,7866,5664,1259
1120,132933,판도라,7045.0,8.93,8.82,8.68,8.76,8.8,3452,3593,352,3311,1620,1409,352
1123,113344,나우 유 씨 미 2,6141.0,9.05,8.67,8.08,8.13,8.16,3193,2948,491,3746,921,798,184
1129,74866,인디펜던스 데이: 리써전스,2391.0,7.93,7.72,6.9,7.13,6.97,1554,837,48,1076,693,454,96
1131,119430,엑스맨: 아포칼립스,6120.0,8.3,8.28,8.19,8.14,8.25,3856,2264,184,3366,1652,796,122
1142,140787,미라클 프롬 헤븐,74.0,10.0,9.78,9.48,8.64,9.73,31,43,1,27,21,14,11
1145,184859,물의 기억,3.0,0.0,0.0,10.0,10.0,10.0,1,2,0,0,1,1,1
1155,125421,픽셀,868.0,8.12,7.55,7.92,8.08,8.09,417,451,61,408,182,191,26
1163,109960,배트맨 대 슈퍼맨: 저스티스의 시작,4180.0,6.8,7.04,7.21,7.39,7.67,2968,1212,125,2048,1254,627,84
1171,114286,인시디어스 3,1068.0,7.32,7.37,7.57,7.35,7.68,577,491,96,748,107,64,43
1174,114247,지니어스,62.0,0.0,7.95,8.5,7.71,8.29,25,37,0,21,20,14,7
1176,184605,언더 더 씨2,3.0,0.0,0.0,3.0,0.0,0.0,3,0,0,0,3,0,0
1189,140719,북 오브 러브,21.0,0.0,7.62,8.0,9.0,9.0,6,15,0,8,7,5,1
1190,125423,트리플 9,34.0,0.0,6.32,6.71,4.5,6.5,24,10,0,19,7,4,4
1193,124042,주온 : 끝의 시작,350.0,4.83,5.26,5.42,6.83,4.5,189,161,42,210,52,35,10
1194,142372,뉴 스텝업: 어반댄스,21.0,7.5,7.21,6.0,3.0,0.0,14,7,4,14,2,1,0
1195,115977,베테랑,22819.0,9.49,9.33,9.19,9.06,9.08,10497,12322,913,11181,5933,3651,1141
1200,167599,앵그리 버드 2: 독수리 왕국의 침공,169.0,0.0,7.6,9.1,8.81,10.0,46,123,0,5,91,69,3
1202,10323,쉘부르의 우산,81.0,8.0,8.83,8.82,8.77,7.83,24,57,4,36,22,13,6
1203,136859,매기스 플랜,346.0,5.0,7.97,8.15,8.19,8.41,90,256,3,159,121,35,28
1207,137971,로스트 인 더스트,187.0,6.67,8.43,8.53,7.75,8.47,122,65,4,105,45,21,15
1209,114225,하트 오브 더 씨,808.0,8.41,8.2,8.1,8.03,8.37,412,396,32,404,202,129,40
1212,118974,마담 뺑덕,551.0,7.73,6.52,6.49,6.5,6.27,220,331,11,375,105,44,17
1213,112041,순수의 시대,433.0,7.44,6.3,6.32,6.78,7.0,208,225,9,229,143,35,17
1217,114263,뷰티풀 프래니,13.0,0.0,6.5,7.0,6.67,6.5,4,9,0,4,4,3,2
1223,127383,미인어,23.0,9.0,7.14,7.56,9.4,0.0,14,9,2,7,9,5,0
1231,189620,비밀의 정원,23.0,6.0,7.0,7.77,7.4,6.0,15,8,1,3,13,5,1
1235,72058,블랙 스완,8.0,8.0,8.5,0.0,6.0,0.0,1,7,1,6,0,1,0
1237,35901,살인의 추억,17.0,9.67,9.75,9.5,10.0,9.0,11,6,3,8,4,1,1
1240,109905,분노의 질주: 더 세븐,3636.0,9.66,9.31,9.12,8.9,8.96,2109,1527,109,1963,1054,400,109
1245,74027,오늘의 연애,1897.0,8.07,7.65,7.79,8.21,8.38,986,911,152,1214,285,171,57
1247,181030,데드풀2: 순한 맛,12.0,10.0,8.6,10.0,7.2,0.0,7,5,1,5,1,5,0
1253,144271,캄포스,3.0,0.0,8.0,0.0,0.0,0.0,2,1,0,3,0,0,0
1262,129012,레전드,206.0,8.27,7.42,7.75,7.0,7.71,99,107,10,132,43,12,6
1263,103331,스윗 프랑세즈,46.0,10.0,8.74,8.6,9.38,8.88,14,32,1,19,10,8,8
1264,124212,레버넌트: 죽음에서 돌아온 자,2731.0,7.92,8.06,7.78,7.93,8.01,1502,1229,82,1284,628,492,218
1266,67769,타짜-신의 손,4816.0,7.83,7.86,7.64,7.63,7.76,2793,2023,96,2456,1493,578,193
1273,130041,어느 독재자,7.0,0.0,9.33,0.0,0.0,10.0,2,5,0,6,0,0,1
1275,136007,특종: 량첸살인기,872.0,8.3,7.89,8.09,7.99,7.97,392,480,44,506,201,78,35
1278,118917,인턴,5983.0,9.13,9.15,8.91,8.72,8.87,2752,3231,239,3650,1137,598,299
1282,109955,사랑에 대한 모든 것,323.0,8.39,7.89,7.93,8.42,8.33,149,174,23,187,84,23,6
1289,193839,유령선,27.0,0.0,8.6,9.8,10.0,10.0,17,10,0,5,10,9,3
1290,104478,언브로큰,252.0,8.84,8.04,7.42,8.23,8.55,151,101,20,123,50,30,30
1295,127865,런던 해즈 폴른,689.0,8.21,8.66,8.23,8.22,8.6,372,317,21,351,165,103,48
1303,130983,트럼보,92.0,8.0,8.79,8.48,8.83,10.0,33,59,2,47,21,18,4
1306,129331,오 마이 그랜파,160.0,0.0,8.33,8.29,8.33,6.5,67,93,0,102,35,14,8
1307,129049,마션,7159.0,8.99,8.81,8.59,8.57,8.71,4009,3150,286,3651,1790,1217,286
1308,122469,히트맨: 에이전트 47,159.0,8.55,7.91,7.4,7.55,8.0,105,54,11,78,43,22,5
1312,192121,더 보이 2: 돌아온 브람스,2.0,0.0,0.0,4.0,10.0,0.0,1,1,0,0,1,1,0
1316,106557,선샤인 온 리스,29.0,3.5,6.78,6.8,8.75,0.0,10,19,2,18,5,4,0
1317,129333,스파이 브릿지,411.0,8.6,8.69,8.65,8.5,8.71,242,169,16,226,95,45,37
1318,95541,미션 임파서블: 로그네이션,8446.0,9.2,8.81,8.78,8.79,8.71,4223,4223,338,3294,2196,2112,507
1319,172819,구스범스: 몬스터의 역습,88.0,0.0,9.54,8.1,8.1,10.0,26,62,0,28,39,20,1
1320,117802,아메리칸 울트라,256.0,7.0,7.2,5.92,6.73,5.71,154,102,3,164,64,10,13
1328,122596,몬스터 호텔 2,4767.0,8.77,8.62,8.65,8.55,8.76,1049,3718,48,429,3003,1239,48
1329,118980,슬리핑 위드 아더 피플,15.0,0.0,7.43,8.0,8.0,0.0,5,10,0,7,2,6,0
1331,90596,샌 안드레아스,1520.0,8.78,8.38,7.9,8.4,8.63,882,638,76,851,365,167,61
1332,15899,공동경비구역 JSA,11.0,0.0,10.0,9.6,0.0,0.0,4,7,0,6,5,0,0
1335,127335,더 프레데터,307.0,8.0,7.73,7.11,6.92,6.61,224,83,3,141,92,49,21
1337,69956,터미네이터 제니시스,3328.0,8.89,8.31,7.99,7.78,8.25,2130,1198,100,1431,932,699,133
1339,107352,자객 섭은낭,90.0,0.0,8.06,7.82,7.75,8.56,40,50,0,36,33,12,9
1348,118950,스파이,2818.0,9.04,8.96,8.54,8.32,8.86,1437,1381,141,1775,535,254,85
1349,19303,모노노케 히메,2.0,10.0,6.0,0.0,0.0,0.0,2,0,1,1,0,0,0
1350,18781,이웃집 토토로,255.0,10.0,9.63,9.63,9.32,8.86,66,189,5,74,99,71,8
1351,103708,가구야공주 이야기,92.0,9.25,7.8,7.88,7.53,0.0,31,61,8,44,25,15,0
1354,32686,센과 치히로의 행방불명,425.0,9.76,9.65,9.44,9.23,9.2,136,289,47,255,81,38,4
1356,101961,모뉴먼츠 맨 : 세기의 작전,38.0,0.0,7.16,6.79,7.6,0.0,29,9,0,19,14,5,0
1359,94187,어메이징 스파이더맨 2,4725.0,8.62,8.18,7.84,7.8,7.87,2740,1984,378,2315,1181,756,94
1361,73318,시라노; 연애조작단,1.0,0.0,0.0,8.0,0.0,0.0,1,0,0,0,1,0,0
1362,112039,경성학교: 사라진 소녀들,578.0,6.37,6.22,7.03,6.74,7.25,243,335,46,364,104,46,17
1363,101236,포커스,63.0,8.5,8.06,7.93,7.62,5.5,34,29,6,33,14,8,2
1364,117790,기술자들,3307.0,8.56,7.86,7.47,7.95,8.14,1488,1819,496,1620,628,463,99
1365,105521,피끓는 청춘,793.0,7.26,7.48,7.48,7.87,8.07,325,468,87,396,151,127,32
1366,88426,건축학개론,6.0,10.0,9.0,10.0,0.0,0.0,3,3,1,3,2,0,0
1367,122535,악의 연대기,2224.0,8.57,8.25,7.84,8.48,8.55,1134,1090,156,1290,445,245,67
1369,120123,간신,1085.0,7.68,7.14,6.94,6.73,7.0,532,553,22,597,282,152,43
1370,93739,조선미녀삼총사,217.0,6.12,5.55,5.52,5.82,5.56,100,117,15,74,63,54,9
1371,108225,역린,3931.0,7.58,7.32,7.35,7.66,7.81,1926,2005,236,1730,1101,708,157
1373,112079,빅매치,810.0,8.66,7.78,7.63,7.83,8.47,446,364,40,446,219,81,32
1375,93028,용의자,55.0,9.0,8.24,8.0,8.8,0.0,32,23,1,25,19,10,0
1383,99096,주피터 어센딩,215.0,5.55,6.29,6.81,7.15,7.25,116,99,11,101,58,32,13
1385,61101,"색, 계",10.0,0.0,9.83,10.0,9.33,0.0,4,6,0,6,1,3,0
1393,109778,끝까지 간다,3227.0,9.04,8.9,8.66,8.72,8.66,1710,1517,194,1904,742,290,97
1396,87309,라이프 오브 파이,85.0,0.0,9.64,9.38,8.2,10.0,30,55,0,64,13,5,3
1397,114249,킹스맨 : 시크릿 에이전트,9653.0,9.34,9.16,8.82,8.5,8.69,5116,4537,290,6178,2220,676,290
1403,190727,할로윈 킬즈,9.0,0.0,7.33,5.0,0.0,0.0,5,4,0,6,3,0,0
1405,122473,포인트 브레이크,351.0,8.0,8.01,8.19,8.03,6.85,183,168,18,179,70,67,21
1409,127321,우먼 인 골드,425.0,9.5,8.76,8.86,9.12,9.02,119,306,8,157,136,72,47
1414,146212,수부라 게이트,11.0,0.0,6.0,8.0,0.0,8.67,8,3,0,7,1,0,3
1423,109982,테이큰 3,2557.0,8.64,8.17,7.68,7.85,8.23,1457,1100,153,1432,537,307,128
1425,195970,"조제, 호랑이 그리고 물고기들",32.0,9.67,9.25,9.0,10.0,9.0,25,7,3,16,7,3,3
1428,125841,스폰지밥3D,737.0,8.51,7.81,7.77,8.12,7.57,228,509,52,147,332,192,15
1432,45290,인터스텔라,16483.0,9.5,9.27,8.91,8.78,8.87,9725,6758,1319,8242,3626,2637,824
1434,118909,황제를 위하여,446.0,5.94,6.44,5.86,6.36,5.15,259,187,18,277,107,31,13
1437,72524,남극의 쉐프,2.0,0.0,0.0,8.5,0.0,0.0,1,1,0,0,2,0,0
1442,178654,택시 5,8.0,0.0,2.75,8.0,6.0,1.0,5,3,0,4,2,1,1
1443,164115,맘마미아!2,2908.0,9.45,9.18,9.06,8.94,8.88,785,2123,116,1221,698,582,291
1445,113377,엑소더스: 신들과 왕들,1066.0,7.27,6.94,6.74,7.3,7.67,586,480,53,405,341,192,85
1463,109095,무드 인디고,562.0,8.79,8.27,7.91,7.65,8.83,180,382,11,371,152,17,6
1464,16792,흐르는 강물처럼,4.0,0.0,0.0,10.0,8.5,0.0,3,1,0,0,2,2,0
1465,149248,메이즈 러너: 데스 큐어,2006.0,8.63,8.12,8.06,8.07,8.08,1003,1003,201,1143,321,281,80
1466,109169,송 원,49.0,1.0,5.1,5.57,5.0,0.0,23,26,1,40,7,1,0
1468,100676,폭스캐처,116.0,1.0,8.41,8.6,8.25,8.0,58,58,1,58,48,8,1
1469,94829,툼스톤,136.0,6.0,7.27,6.83,6.82,7.6,82,54,5,79,30,11,10
1471,137908,닌자터틀 : 어둠의 히어로,476.0,7.83,7.83,7.96,8.08,7.17,252,224,14,186,176,90,14
1472,113348,이미테이션 게임,2170.0,9.14,8.7,8.48,8.72,8.73,1085,1085,195,1280,347,239,108
1473,118397,더 홈즈맨,7.0,0.0,7.67,8.0,0.0,7.67,4,3,0,3,1,0,3
1474,99740,혹성탈출: 반격의 서막,4428.0,8.88,8.54,8.31,8.21,8.15,2613,1815,310,2037,1063,886,177
1476,191929,암살자들,6.0,0.0,9.33,8.0,0.0,0.0,3,3,0,3,3,0,0
1477,92075,어바웃 타임,206.0,9.69,9.34,9.31,9.36,8.0,97,109,12,130,43,10,8
1479,52555,조디악,8.0,0.0,9.4,6.5,10.0,0.0,1,7,0,5,2,1,0
1480,90589,엣지 오브 투모로우,4901.0,9.11,8.92,8.56,8.32,8.41,3137,1764,294,2549,1225,686,147
1483,66158,어거스트 러쉬,53.0,10.0,8.91,9.27,9.43,9.71,22,31,1,23,15,7,7
1487,118367,세인트 빈센트,62.0,9.75,8.29,8.42,8.93,7.67,33,29,4,28,12,15,3
1495,12787,베티블루 37.2,42.0,8.0,9.04,8.0,6.5,8.33,12,30,1,25,8,2,6
1497,125438,레고 무비2,208.0,10.0,8.61,9.01,8.71,0.0,79,129,2,19,87,100,0
1498,137327,고질라: 킹 오브 몬스터,495.0,9.17,8.22,8.14,7.74,8.26,381,114,5,188,168,109,25
1501,155411,반드시 잡는다,585.0,8.05,8.37,7.87,7.82,7.82,316,269,18,292,140,94,41
1502,160749,부라더,1400.0,8.06,7.92,7.6,7.59,7.69,728,672,84,854,252,154,56
1503,162824,저수지 게임,585.0,9.5,9.63,9.75,9.67,9.54,240,345,0,99,263,187,35
1514,125494,퍼시픽 림: 업라이징,1234.0,8.04,8.05,7.91,7.78,7.85,839,395,25,506,444,222,37
1519,97631,맨 인 블랙: 인터내셔널,514.0,5.58,6.29,6.16,7.32,7.0,288,226,10,221,154,103,26
1520,72054,다크 나이트 라이즈,16.0,10.0,9.5,9.5,10.0,0.0,13,3,1,6,8,1,0
1521,18878,이보다 더 좋을 순 없다,24.0,0.0,9.5,8.45,7.88,8.0,13,11,0,4,11,8,1
1522,91192,300: 제국의 부활,1368.0,8.24,7.81,7.2,6.91,8.02,876,492,27,752,410,137,41
1527,103765,아더 우먼,66.0,7.75,7.84,7.47,7.5,7.67,23,43,4,38,19,2,3
1530,97858,월터의 상상은 현실이 된다,209.0,8.43,8.95,8.5,9.0,9.0,92,117,15,125,54,13,2
1548,97612,그랜드 부다페스트 호텔,2612.0,8.58,8.75,8.63,8.79,8.52,1019,1593,78,1515,757,209,78
1554,189150,분노의 질주: 더 얼티메이트,1366.0,9.23,8.76,8.7,8.88,9.14,820,546,27,478,464,273,123
1555,100691,트랜스포머: 사라진 시대,6003.0,8.0,7.36,7.34,7.61,7.83,3662,2341,300,2641,1921,960,120
1557,103324,리오 2,1229.0,8.46,7.83,7.92,8.0,8.19,356,873,25,98,774,320,12
1561,95203,로렌스 애니웨이 ,138.0,8.56,8.83,8.07,8.38,0.0,30,108,10,94,28,8,0
1564,78726,도둑들,1.0,0.0,8.0,0.0,0.0,0.0,1,0,0,1,0,0,0
1565,124290,엘리노어 릭비: 그남자 그여자,209.0,7.0,7.8,7.67,6.21,4.5,67,142,2,127,65,15,2
1569,86335,다른나라에서,1.0,0.0,0.0,8.0,0.0,0.0,1,0,0,0,1,0,0
1570,32667,복수는 나의 것,3.0,0.0,9.0,8.0,0.0,0.0,2,1,0,2,1,0,0
1572,10546,아비정전,195.0,7.86,8.82,8.88,8.8,9.38,49,146,8,113,57,10,8
1575,11031,열혈남아,5.0,0.0,10.0,4.0,0.0,8.0,5,0,0,3,1,0,1
1576,119457,이브 생 로랑,117.0,7.0,8.12,7.85,7.71,5.5,35,82,1,81,26,7,2
1579,51777,월드워Z,7.0,0.0,9.5,8.33,0.0,0.0,7,0,0,4,3,0,0
1580,25670,벨벳 골드마인,75.0,10.0,8.59,8.62,8.0,9.0,14,61,1,46,26,1,1
1581,98279,투와이스 본,4.0,0.0,9.67,1.0,0.0,0.0,2,2,0,3,1,0,0
1583,95334,사보타지,5.0,0.0,4.0,6.0,10.0,0.0,1,4,0,3,1,1,0
1591,107923,찌라시 : 위험한 소문,614.0,7.57,7.62,7.27,7.61,8.07,301,313,25,399,135,37,12
1593,102648,잭 라이언 : 코드네임 쉐도우,66.0,6.0,6.97,6.19,6.17,9.0,30,36,6,29,16,12,3
1594,119412,잭 리처: 네버 고 백,677.0,8.3,8.26,7.9,8.08,8.4,386,291,20,271,176,156,54
1595,12918,시애틀의 잠 못 이루는 밤,12.0,8.0,8.2,8.33,8.0,7.0,4,8,1,5,3,1,2
1606,31565,브리짓 존스의 일기,8.0,0.0,8.0,8.75,0.0,0.0,3,5,0,4,4,0,0
1611,76020,드래곤 길들이기 2,4605.0,9.35,8.92,8.76,8.66,8.91,1428,3177,230,875,2395,1059,46
1615,66464,벼랑 위의 포뇨,1.0,0.0,7.0,0.0,0.0,0.0,1,0,0,1,0,0,0
1618,78845,우리도 사랑일까,89.0,0.0,8.64,8.5,9.09,8.17,34,55,0,44,28,11,6
1620,31940,메멘토,101.0,9.33,9.11,9.12,7.83,9.0,45,56,9,64,16,6,6
1627,47321,"알로, 슈티",108.0,10.0,8.92,8.77,8.56,9.0,31,77,2,60,30,9,6
1629,96031,오직 사랑하는 이들만이 살아남는다,113.0,7.83,7.96,8.18,10.0,9.0,27,86,6,72,33,1,1
1637,64686,소셜 네트워크,5.0,0.0,8.0,9.0,10.0,0.0,2,3,0,2,2,1,0
1639,89757,쥬랜더 리턴즈,16.0,8.0,8.0,3.0,5.67,1.0,7,9,2,9,1,3,1
1643,74610,미드나잇 인 파리,139.0,8.25,9.12,8.93,8.43,9.33,54,85,8,95,26,7,3
1644,52515,인셉션,246.0,9.9,9.69,9.59,8.8,8.89,125,121,20,145,57,15,10
1646,169643,몬스터 호텔 3,2297.0,9.17,8.6,8.77,8.56,8.93,436,1861,23,92,1286,827,46
1659,150688,그린치,2007.0,8.66,8.9,8.51,8.34,8.72,442,1565,40,181,1104,642,40
1660,39809,밀리언 달러 베이비,7.0,8.0,8.5,10.0,0.0,0.0,5,2,1,4,2,0,0
1663,66091,벤자민 버튼의 시간은 거꾸로 간다,44.0,10.0,9.46,10.0,9.2,9.0,14,30,6,26,4,5,3
1665,82283,실버라이닝 플레이북,4.0,0.0,10.0,7.5,7.0,0.0,4,0,0,1,2,1,0
1666,62586,다크 나이트,46.0,9.88,9.68,9.62,9.0,9.0,32,14,8,22,13,1,2
1667,37439,배트맨 비긴즈,18.0,0.0,9.29,9.0,9.33,9.0,12,6,0,7,6,3,2
1674,85141,제로 다크 서티,2.0,0.0,8.0,9.0,0.0,0.0,2,0,0,1,1,0,0
1681,104426,19곰 테드 2,303.0,7.64,7.92,7.47,8.4,7.62,176,127,12,227,52,6,9
1701,97692,쿵푸팬더3,6918.0,9.22,8.91,8.76,8.67,8.66,2421,4497,208,1591,3113,1868,138
1702,123630,트랜스포머: 최후의 기사,2859.0,7.7,6.77,6.87,7.07,7.7,1801,1058,86,1287,915,515,86
1703,17159,포레스트 검프,120.0,9.67,9.42,9.66,9.57,10.0,55,65,6,67,32,14,1
1709,109193,드래곤 길들이기 3,1796.0,9.68,9.36,9.35,9.06,8.81,593,1203,72,539,557,593,54
1710,132626,슈퍼배드 3,7403.0,9.13,8.9,8.75,8.66,8.82,1851,5552,148,1333,3627,2221,74
1718,10002,빽 투 더 퓨쳐,49.0,10.0,9.23,9.78,9.62,8.0,22,27,1,30,9,8,1
1723,59075,본 얼티메이텀,36.0,8.0,8.67,8.0,8.5,9.0,21,15,1,15,8,10,2
1743,10003,빽 투 더 퓨쳐 2,31.0,0.0,9.5,9.75,10.0,0.0,16,15,0,14,16,1,0
1748,80219,팅커 테일러 솔저 스파이,36.0,0.0,9.0,8.22,7.4,8.33,17,19,0,10,18,5,3
1751,118966,스머프: 비밀의 숲,1267.0,9.33,8.81,8.6,8.59,8.69,279,988,0,51,773,418,13
1759,92069,론 서바이버,200.0,9.0,9.09,8.63,8.24,7.71,136,64,6,104,48,32,8
1760,142201,그 누구도 아닌,3.0,0.0,4.0,0.0,0.0,8.0,3,0,0,2,0,0,1
1763,76651,넛잡: 땅콩 도둑들,395.0,7.4,6.36,7.34,7.48,8.25,122,273,4,28,249,107,8
1770,100643,헝거게임 : 더 파이널,1175.0,8.63,7.89,7.61,7.71,7.91,517,658,82,693,200,153,47
1773,17173,가을의 전설,18.0,0.0,7.33,8.09,7.0,0.0,10,8,0,6,11,1,0
1776,37937,진주 귀걸이를 한 소녀,76.0,10.0,8.3,8.83,8.73,8.61,22,54,1,23,18,11,23
1779,49336,판의 미로 - 오필리아와 세 개의 열쇠,40.0,9.0,8.96,9.17,9.75,9.67,13,27,3,24,6,4,3
1799,87556,올드보이,16.0,0.0,7.0,5.67,0.0,0.0,11,5,0,7,9,0,0
1806,86843,케빈에 대하여,7.0,0.0,9.2,9.0,0.0,0.0,2,5,0,5,2,0,0
1807,52553,향수 - 어느 살인자의 이야기,66.0,9.33,9.16,8.79,8.33,7.5,27,39,3,44,14,3,2
1809,34225,워크 투 리멤버,3.0,10.0,9.5,0.0,0.0,0.0,1,2,1,2,0,0,0
1821,38227,첫 키스만 50번째,177.0,9.78,9.08,9.7,9.0,9.12,85,92,9,120,27,12,9
