,code,npa_10s_npg_male,npa_10s_npg_female,npa_20s_npg_male,npa_20s_npg_female,npa_30s_npg_male,npa_30s_npg_female,npa_40s_npg_male,npa_40s_npg_female,npa_50s_npg_male,npa_50s_npg_female
0,203096.0,,,,,,,,,,
1,17997.0,,,,,,,,,,
2,181925.0,1.16,0.84,25.52,18.48,17.4,12.6,8.7,6.3,5.22,3.78
3,195979.0,,,,,,,,,,
4,138113.0,,,,,,,,,,
5,197517.0,0.0,0.0,100.0,21.0,0.0,0.0,0.0,0.0,0.0,0.0
6,155356.0,2.16,3.84,21.96,39.04,6.84,12.16,3.6,6.4,1.44,2.56
7,168668.0,0.0,0.0,17.16,21.84,9.68,12.32,4.84,6.16,12.32,15.68
8,156023.0,,,,,,,,,,
9,151155.0,,,,,,,,,,
10,143776.0,0.0,0.0,14.44,23.56,11.78,19.22,5.7,9.3,5.7,9.3
11,168735.0,0.0,0.0,7.26,25.74,3.74,13.26,6.16,21.84,4.84,17.16
12,142683.0,0.25,0.75,10.25,30.75,7.25,21.75,3.75,11.25,3.25,9.75
13,199742.0,,,,,,,,,,
14,167675.0,0.0,0.0,0.0,0.0,100.0,24.0,0.0,0.0,0.0,0.0
15,151241.0,3.66,2.34,25.62,16.38,18.91,12.09,4.88,3.12,7.32,4.68
16,154667.0,1.08,1.92,16.92,30.08,10.44,18.56,5.76,10.24,1.8,3.2
17,164269.0,0.0,0.0,0.0,0.0,23.56,38.44,14.44,23.56,0.0,0.0
18,159366.0,0.78,2.22,10.66,30.34,10.14,28.86,3.38,9.62,0.78,2.22
19,162874.0,0.0,0.0,10.64,27.36,10.64,27.36,4.48,11.52,2.52,6.48
20,158180.0,1.35,1.65,21.15,25.85,11.25,13.75,8.55,10.45,3.15,3.85
21,167638.0,1.68,2.32,21.84,30.16,10.08,13.92,5.88,8.12,2.52,3.48
22,180209.0,0.37,0.63,12.21,20.79,11.84,20.16,8.88,15.12,3.7,6.3
23,161834.0,0.0,0.0,25.0,25.0,25.0,25.0,0.0,0.0,0.0,0.0
24,172454.0,2.7,2.3,32.94,28.06,11.88,10.12,4.86,4.14,1.62,1.38
25,158112.0,2.58,3.42,22.36,29.64,9.03,11.97,6.88,9.12,2.58,3.42
26,167651.0,0.9,1.1,17.1,20.9,13.5,16.5,9.45,11.55,3.6,4.4
27,164192.0,1.1,0.9,27.5,22.5,14.3,11.7,8.25,6.75,3.85,3.15
28,171744.0,,,,,,,,,,
29,143422.0,6.25,18.75,12.5,37.5,6.25,18.75,0.0,0.0,0.0,0.0
30,130811.0,50.0,4.5,25.0,2.25,0.0,0.0,25.0,2.25,0.0,0.0
31,195980.0,,,,,,,,,,
32,168749.0,4.1,5.9,25.83,37.17,8.61,12.39,1.64,2.36,0.82,1.18
33,142210.0,0.0,0.0,12.87,26.13,5.61,11.39,9.24,18.76,5.61,11.39
34,159892.0,1.32,1.68,22.44,28.56,10.56,13.44,7.04,8.96,2.64,3.36
35,164150.0,0.0,0.0,0.0,0.0,0.0,0.0,100.0,19.0,0.0,0.0
36,158191.0,2.0,2.0,22.0,22.0,13.0,13.0,9.0,9.0,3.5,3.5
37,194581.0,,,,,,,,,,
38,142255.0,0.44,0.56,21.12,26.88,13.2,16.8,6.6,8.4,2.64,3.36
39,199262.0,,,,,,,,,,
40,194416.0,,,,,,,,,,
41,190313.0,,,,,,,,,,
42,179338.0,0.0,0.0,0.0,0.0,0.0,0.0,100.0,30.0,0.0,0.0
43,190244.0,0.0,0.0,67.0,12.73,33.0,6.27,0.0,0.0,0.0,0.0
44,193100.0,,,,,,,,,,
45,190341.0,,,,,,,,,,
46,177332.0,0.0,0.0,10.89,22.11,10.89,22.11,0.0,0.0,10.89,22.11
47,188765.0,5.76,3.24,5.76,3.24,28.8,16.2,17.28,9.72,5.76,3.24
48,190723.0,,,,,,,,,,
49,182348.0,1.68,2.32,16.38,22.62,14.28,19.72,5.04,6.96,5.04,6.96
50,194398.0,,,,,,,,,,
51,181114.0,9.8,4.2,38.5,16.5,12.6,5.4,6.3,2.7,2.8,1.2
52,183854.0,0.55,0.45,20.35,16.65,18.15,14.85,11.55,9.45,4.95,4.05
53,191591.0,,,,,,,,,,
54,186342.0,,,,,,,,,,
55,200586.0,,,,,,,,,,
56,198329.0,,,,,,,,,,
57,202353.0,,,,,,,,,,
58,191633.0,1.12,2.88,5.04,12.96,12.04,30.96,8.68,22.32,0.84,2.16
59,200582.0,,,,,,,,,,
60,194723.0,,,,,,,,,,
61,196525.0,,,,,,,,,,
62,189141.0,2.4,3.6,19.6,29.4,10.0,15.0,5.6,8.4,2.4,3.6
63,192146.0,0.0,0.0,22.11,10.89,22.11,10.89,22.11,10.89,0.0,0.0
64,201218.0,,,,,,,,,,
65,110026.0,,,,,,,,,,
66,201669.0,,,,,,,,,,
67,199869.0,,,,,,,,,,
68,168972.0,,,,,,,,,,
69,10676.0,0.0,0.0,22.96,18.04,16.8,13.2,10.64,8.36,6.16,4.84
70,196581.0,,,,,,,,,,
71,200746.0,,,,,,,,,,
72,185935.0,,,,,,,,,,
73,194195.0,,,,,,,,,,
74,164956.0,0.0,0.0,83.0,12.45,17.0,2.55,0.0,0.0,0.0,0.0
75,195757.0,,,,,,,,,,
76,199236.0,,,,,,,,,,
77,173418.0,,,,,,,,,,
78,11003.0,,,,,,,,,,
79,96984.0,0.0,0.0,50.0,50.0,0.0,0.0,0.0,0.0,0.0,0.0
80,95473.0,0.0,0.0,100.0,21.0,0.0,0.0,0.0,0.0,0.0,0.0
81,183839.0,,,,,,,,,,
82,42869.0,,,,,,,,,,
83,168019.0,0.96,3.04,15.36,48.64,4.8,15.2,0.0,0.0,2.88,9.12
84,159863.0,4.75,14.25,14.0,42.0,4.75,14.25,1.5,4.5,0.0,0.0
85,37370.0,,,,,,,,,,
86,62341.0,,,,,,,,,,
87,179399.0,0.0,0.0,25.0,25.0,25.0,25.0,0.0,0.0,0.0,0.0
88,185150.0,0.0,0.0,26.4,53.6,4.29,8.71,2.31,4.69,0.0,0.0
89,171455.0,0.0,0.0,25.0,25.0,8.5,8.5,16.5,16.5,0.0,0.0
90,180385.0,44.89,22.11,22.11,10.89,0.0,0.0,0.0,0.0,0.0,0.0
91,174530.0,0.0,0.0,5.25,15.75,9.5,28.5,7.25,21.75,3.0,9.0
92,198607.0,,,,,,,,,,
93,200575.0,,,,,,,,,,
94,199406.0,0.0,0.0,60.0,12.6,0.0,0.0,20.0,4.2,20.0,4.2
95,192898.0,,,,,,,,,,
96,179307.0,1.16,2.84,15.95,39.05,7.25,17.75,2.9,7.1,1.45,3.55
97,177508.0,0.0,0.0,25.3,20.7,21.45,17.55,4.4,3.6,3.85,3.15
98,177400.0,,,,,,,,,,
99,175393.0,0.98,1.02,15.68,16.32,16.66,17.34,10.78,11.22,5.39,5.61
100,189001.0,1.12,0.88,28.0,22.0,15.12,11.88,6.72,5.28,5.04,3.96
101,166092.0,2.2,1.8,23.1,18.9,13.75,11.25,11.0,9.0,4.95,4.05
102,193970.0,6.25,18.75,6.25,18.75,12.5,37.5,0.0,0.0,0.0,0.0
103,107204.0,,,,,,,,,,
104,200784.0,,,,,,,,,,
105,154672.0,0.21,0.79,1.89,7.11,11.97,45.03,6.51,24.49,0.42,1.58
106,190729.0,,,,,,,,,,
107,191677.0,0.0,0.0,67.0,13.4,0.0,0.0,0.0,0.0,33.0,6.6
108,198749.0,,,,,,,,,,
109,191585.0,0.0,0.0,43.8,16.2,29.2,10.8,0.0,0.0,0.0,0.0
110,194870.0,,,,,,,,,,
111,200589.0,,,,,,,,,,
112,180025.0,0.88,1.12,15.84,20.16,12.32,15.68,12.32,15.68,2.64,3.36
113,152385.0,2.04,1.96,27.03,25.97,11.22,10.78,7.65,7.35,3.06,2.94
114,153620.0,1.56,4.44,17.16,48.84,4.68,13.32,1.56,4.44,1.04,2.96
115,189104.0,,,,,,,,,,
116,179879.0,,,,,,,,,,
117,179875.0,0.72,0.28,27.36,10.64,21.6,8.4,15.84,6.16,6.48,2.52
118,198754.0,0.0,0.0,5.61,11.39,16.5,33.5,5.61,11.39,5.61,11.39
119,181704.0,0.39,0.61,15.6,24.4,14.82,23.18,4.29,6.71,3.9,6.1
120,199876.0,,,,,,,,,,
121,199865.0,,,,,,,,,,
122,193570.0,,,,,,,,,,
123,192152.0,,,,,,,,,,
124,11547.0,,,,,,,,,,
125,167495.0,,,,,,,,,,
126,188471.0,,,,,,,,,,
127,159866.0,1.32,1.68,14.96,19.04,14.96,19.04,10.56,13.44,2.64,3.36
128,185933.0,1.38,1.62,15.64,18.36,12.42,14.58,11.96,14.04,4.6,5.4
129,202609.0,,,,,,,,,,
130,191998.0,,,,,,,,,,
131,199428.0,,,,,,,,,,
132,195105.0,,,,,,,,,,
133,207762.0,,,,,,,,,,
134,189357.0,,,,,,,,,,
135,159167.0,,,,,,,,,,
136,192624.0,0.0,0.0,37.5,37.5,6.0,6.0,0.0,0.0,6.0,6.0
137,198414.0,,,,,,,,,,
138,129407.0,,,,,,,,,,
139,197283.0,,,,,,,,,,
140,172118.0,0.27,0.73,1.62,4.38,15.12,40.88,9.45,25.55,0.54,1.46
141,181965.0,,,,,,,,,,
142,192148.0,,,,,,,,,,
143,193170.0,,,,,,,,,,
144,178143.0,,,,,,,,,,
145,193868.0,,,,,,,,,,
146,196389.0,,,,,,,,,,
147,155406.0,,,,,,,,,,
148,150657.0,,,,,,,,,,
149,30782.0,,,,,,,,,,
150,191560.0,,,,,,,,,,
151,52593.0,,,,,,,,,,
152,162148.0,0.0,0.0,14.85,40.15,4.86,13.14,2.43,6.57,4.86,13.14
153,154508.0,1.55,3.45,15.19,33.81,10.54,23.46,3.41,7.59,0.31,0.69
154,168405.0,2.48,5.52,17.36,38.64,3.1,6.9,6.82,15.18,1.24,2.76
155,159805.0,0.86,1.14,18.06,23.94,13.76,18.24,7.31,9.69,3.44,4.56
156,187366.0,0.0,0.0,1.62,4.38,19.71,53.29,5.4,14.6,0.0,0.0
157,188874.0,,,,,,,,,,
158,189260.0,2.25,2.75,22.5,27.5,10.35,12.65,6.75,8.25,2.7,3.3
159,56447.0,,,,,,,,,,
160,182049.0,,,,,,,,,,
161,193974.0,,,,,,,,,,
162,191940.0,,,,,,,,,,
163,187548.0,,,,,,,,,,
164,188469.0,,,,,,,,,,
165,164936.0,,,,,,,,,,
166,193870.0,,,,,,,,,,
167,140656.0,0.0,0.0,21.2,18.8,10.6,9.4,10.6,9.4,10.6,9.4
168,208974.0,,,,,,,,,,
169,130708.0,,,,,,,,,,
170,196978.0,,,,,,,,,,
171,196808.0,,,,,,,,,,
172,197281.0,,,,,,,,,,
173,170860.0,0.0,0.0,0.0,0.0,0.0,0.0,100.0,24.0,0.0,0.0
174,192141.0,,,,,,,,,,
175,168045.0,0.0,0.0,13.2,16.8,17.6,22.4,5.72,7.28,7.48,9.52
176,182360.0,1.7,3.3,14.96,29.04,7.48,14.52,7.82,15.18,2.38,4.62
177,96951.0,0.0,0.0,27.3,14.7,21.45,11.55,11.7,6.3,4.55,2.45
178,181381.0,0.55,0.45,17.6,14.4,17.6,14.4,12.65,10.35,6.6,5.4
179,179482.0,1.12,2.88,12.6,32.4,8.68,22.32,4.2,10.8,1.68,4.32
180,185838.0,1.12,0.88,22.96,18.04,19.6,15.4,8.4,6.6,3.92,3.08
181,178544.0,1.92,2.08,19.2,20.8,13.44,14.56,9.6,10.4,3.84,4.16
182,196570.0,0.0,0.0,50.0,13.5,0.0,0.0,50.0,13.5,0.0,0.0
183,195590.0,,,,,,,,,,
184,155399.0,,,,,,,,,,
185,195417.0,,,,,,,,,,
186,195982.0,,,,,,,,,,
187,180390.0,1.08,0.92,23.22,19.78,15.66,13.34,9.72,8.28,4.32,3.68
188,165828.0,,,,,,,,,,
189,178526.0,1.53,1.47,19.38,18.62,13.77,13.23,11.22,10.78,4.59,4.41
190,154029.0,0.41,0.59,17.63,25.37,14.76,21.24,4.92,7.08,3.69,5.31
191,189000.0,2.0,2.0,23.0,23.0,14.5,14.5,6.0,6.0,4.5,4.5
192,181703.0,,,,,,,,,,
193,76960.0,0.0,0.0,22.77,10.23,26.22,11.78,13.8,6.2,6.21,2.79
194,196380.0,,,,,,,,,,
195,193686.0,,,,,,,,,,
196,184520.0,,,,,,,,,,
197,194884.0,,,,,,,,,,
198,186614.0,,,,,,,,,,
199,107072.0,,,,,,,,,,
200,195431.0,,,,,,,,,,
201,92001.0,,,,,,,,,,
202,193173.0,,,,,,,,,,
203,186613.0,1.65,3.35,16.17,32.83,7.59,15.41,4.95,10.05,2.97,6.03
204,102802.0,,,,,,,,,,
205,172789.0,,,,,,,,,,
206,212271.0,,,,,,,,,,
207,192480.0,,,,,,,,,,
208,74902.0,,,,,,,,,,
209,187349.0,1.68,1.32,19.6,15.4,13.44,10.56,15.68,12.32,6.16,4.84
210,188057.0,,,,,,,,,,
211,195092.0,,,,,,,,,,
212,183110.0,1.74,1.26,24.36,17.64,15.66,11.34,11.02,7.98,5.22,3.78
213,179719.0,,,,,,,,,,
214,186611.0,,,,,,,,,,
215,194321.0,,,,,,,,,,
216,209442.0,,,,,,,,,,
217,85578.0,0.98,1.02,23.52,24.48,13.72,14.28,7.35,7.65,2.94,3.06
218,174807.0,0.41,0.59,16.4,23.6,18.45,26.55,2.87,4.13,2.87,4.13
219,175365.0,0.0,0.0,1.52,6.48,14.06,59.94,3.42,14.58,0.0,0.0
220,177975.0,0.0,0.0,0.0,0.0,0.0,0.0,100.0,25.0,0.0,0.0
221,154986.0,0.0,0.0,24.51,32.49,18.49,24.51,0.0,0.0,0.0,0.0
222,202670.0,,,,,,,,,,
223,189961.0,,,,,,,,,,
224,193833.0,,,,,,,,,,
225,192486.0,,,,,,,,,,
226,201657.0,,,,,,,,,,
227,202535.0,,,,,,,,,,
228,177510.0,6.4,3.6,39.68,22.32,10.24,5.76,3.84,2.16,3.84,2.16
229,190447.0,0.0,0.0,6.0,6.0,31.0,31.0,12.5,12.5,0.0,0.0
230,203213.0,,,,,,,,,,
231,181046.0,4.0,16.0,12.0,48.0,4.0,16.0,0.0,0.0,0.0,0.0
232,159070.0,0.47,0.53,14.57,16.43,10.34,11.66,11.75,13.25,9.4,10.6
233,168508.0,,,,,,,,,,
234,174294.0,0.0,0.0,35.2,19.8,5.76,3.24,11.52,6.48,11.52,6.48
235,164104.0,0.96,5.04,10.08,52.92,4.48,23.52,0.48,2.52,0.16,0.84
236,198774.0,,,,,,,,,,
237,181541.0,,,,,,,,,,
238,63850.0,,,,,,,,,,
239,189537.0,2.44,1.56,24.4,15.6,21.35,13.65,8.54,5.46,4.27,2.73
240,197339.0,,,,,,,,,,
241,177374.0,2.05,2.95,16.4,23.6,9.43,13.57,9.02,12.98,4.51,6.49
242,169078.0,1.52,2.48,16.34,26.66,9.88,16.12,6.46,10.54,3.8,6.2
243,172795.0,,,,,,,,,,
244,181971.0,,,,,,,,,,
245,186821.0,0.94,1.06,20.21,22.79,14.57,16.43,6.58,7.42,4.7,5.3
246,182355.0,1.24,0.76,26.04,15.96,18.6,11.4,11.78,7.22,3.72,2.28
247,182017.0,,,,,,,,,,
248,185340.0,,,,,,,,,,
249,194802.0,,,,,,,,,,
250,194803.0,,,,,,,,,,
251,191002.0,,,,,,,,,,
252,193856.0,,,,,,,,,,
253,190720.0,0.0,0.0,27.6,12.4,26.91,12.09,5.52,2.48,8.97,4.03
254,194318.0,,,,,,,,,,
255,193488.0,,,,,,,,,,
256,194726.0,,,,,,,,,,
257,192481.0,,,,,,,,,,
258,174808.0,,,,,,,,,,
259,192027.0,,,,,,,,,,
260,193921.0,,,,,,,,,,
261,176306.0,0.66,0.34,21.78,11.22,26.4,13.6,11.88,6.12,5.28,2.72
262,74407.0,3.95,1.05,48.19,12.81,19.75,5.25,3.16,0.84,3.16,0.84
263,191918.0,,,,,,,,,,
264,181695.0,,,,,,,,,,
265,189712.0,0.0,0.0,0.0,0.0,100.0,22.0,0.0,0.0,0.0,0.0
266,193828.0,,,,,,,,,,
267,12781.0,,,,,,,,,,
268,190806.0,,,,,,,,,,
269,193827.0,,,,,,,,,,
270,193079.0,,,,,,,,,,
271,199586.0,,,,,,,,,,
272,177509.0,0.56,0.44,15.12,11.88,15.68,12.32,17.92,14.08,6.16,4.84
273,127858.0,1.32,2.68,17.82,36.18,8.58,17.42,5.28,10.72,0.0,0.0
274,24008.0,,,,,,,,,,
275,39640.0,4.65,10.35,13.95,31.05,7.13,15.87,4.34,9.66,0.62,1.38
276,83410.0,,,,,,,,,,
277,193862.0,,,,,,,,,,
278,191759.0,,,,,,,,,,
279,35012.0,,,,,,,,,,
280,193124.0,,,,,,,,,,
281,183876.0,1.1,0.9,20.9,17.1,17.05,13.95,12.1,9.9,3.85,3.15
282,191518.0,,,,,,,,,,
283,185131.0,1.16,2.84,11.89,29.11,7.83,19.17,6.67,16.33,1.16,2.84
284,171540.0,,,,,,,,,,
285,191916.0,,,,,,,,,,
286,172113.0,6.27,4.73,32.49,24.51,7.41,5.59,8.55,6.45,2.28,1.72
287,175318.0,10.05,4.95,36.18,17.82,10.72,5.28,8.04,3.96,2.01,0.99
288,192361.0,,,,,,,,,,
289,140648.0,,,,,,,,,,
290,191686.0,,,,,,,,,,
291,30775.0,,,,,,,,,,
292,146534.0,0.5,0.5,14.5,14.5,16.0,16.0,13.0,13.0,5.5,5.5
293,165022.0,0.56,0.44,22.96,18.04,15.68,12.32,8.96,7.04,7.84,6.16
294,154419.0,0.29,0.71,15.08,36.92,8.7,21.3,2.9,7.1,2.03,4.97
295,34090.0,,,,,,,,,,
296,193864.0,,,,,,,,,,
297,191923.0,,,,,,,,,,
298,182387.0,1.5,4.5,14.5,43.5,6.25,18.75,1.5,4.5,1.25,3.75
299,189053.0,0.55,0.45,26.4,21.6,15.4,12.6,8.25,6.75,4.4,3.6
300,190026.0,0.66,2.34,9.68,34.32,7.48,26.52,1.98,7.02,1.98,7.02
301,187318.0,,,,,,,,,,
302,191641.0,,,,,,,,,,
303,191913.0,,,,,,,,,,
304,182046.0,,,,,,,,,,
305,173653.0,0.46,0.54,12.42,14.58,15.64,18.36,13.34,15.66,4.14,4.86
306,179430.0,7.68,8.32,32.64,35.36,5.76,6.24,1.92,2.08,0.0,0.0
307,132946.0,0.36,0.64,15.48,27.52,11.88,21.12,7.2,12.8,1.08,1.92
308,19302.0,,,,,,,,,,
309,,,,,,,,,,,
310,57412.0,,,,,,,,,,
311,103774.0,,,,,,,,,,
312,18782.0,,,,,,,,,,
313,189112.0,,,,,,,,,,
314,191932.0,,,,,,,,,,
315,164172.0,2.52,3.48,21.84,30.16,8.82,12.18,6.72,9.28,2.52,3.48
316,180381.0,4.37,14.63,12.42,41.58,2.53,8.47,3.22,10.78,0.46,1.54
317,188761.0,,,,,,,,,,
318,170475.0,,,,,,,,,,
319,193863.0,,,,,,,,,,
320,189971.0,,,,,,,,,,
321,182205.0,0.92,1.08,22.54,26.46,14.26,16.74,5.98,7.02,2.3,2.7
322,175404.0,0.0,0.0,23.32,29.68,12.76,16.24,5.28,6.72,2.64,3.36
323,168725.0,,,,,,,,,,
324,190597.0,,,,,,,,,,
325,180374.0,0.48,1.52,4.08,12.92,10.56,33.44,8.4,26.6,0.72,2.28
326,177381.0,3.57,3.43,20.4,19.6,14.28,13.72,12.24,11.76,0.0,0.0
327,171515.0,,,,,,,,,,
328,174797.0,0.0,0.0,21.0,21.0,14.5,14.5,8.5,8.5,6.0,6.0
329,189111.0,0.0,0.0,6.97,10.03,15.17,21.83,8.61,12.39,9.84,14.16
330,49230.0,,,,,,,,,,
331,198564.0,,,,,,,,,,
332,189049.0,,,,,,,,,,
333,182014.0,0.88,1.12,29.04,36.96,11.0,14.0,2.64,3.36,0.88,1.12
334,188056.0,0.38,0.62,15.96,26.04,15.58,25.42,4.18,6.82,1.9,3.1
335,175316.0,0.9,1.1,15.3,18.7,14.4,17.6,11.7,14.3,2.7,3.3
336,164968.0,0.0,0.0,100.0,25.0,0.0,0.0,0.0,0.0,0.0,0.0
337,164155.0,1.52,2.48,14.06,22.94,11.02,17.98,9.5,15.5,1.9,3.1
338,201288.0,,,,,,,,,,
339,187828.0,,,,,,,,,,
340,185272.0,,,,,,,,,,
341,172458.0,,,,,,,,,,
342,157052.0,,,,,,,,,,
343,154298.0,0.0,0.0,35.2,8.8,24.8,6.2,9.6,2.4,9.6,2.4
344,142266.0,1.64,2.36,17.63,25.37,6.56,9.44,9.02,12.98,6.15,8.85
345,206634.0,,,,,,,,,,
346,189670.0,,,,,,,,,,
347,191613.0,,,,,,,,,,
348,172392.0,,,,,,,,,,
349,201959.0,,,,,,,,,,
350,179158.0,1.52,2.48,15.58,25.42,11.4,18.6,6.84,11.16,3.04,4.96
351,187526.0,0.4,0.6,12.4,18.6,13.2,19.8,8.8,13.2,4.8,7.2
352,192608.0,,,,,,,,,,
353,184915.0,,,,,,,,,,
354,188990.0,,,,,,,,,,
355,142699.0,2.0,2.0,30.5,30.5,10.0,10.0,5.0,5.0,2.5,2.5
356,104283.0,,,,,,,,,,
357,179976.0,,,,,,,,,,
358,182084.0,,,,,,,,,,
359,188045.0,,,,,,,,,,
360,196950.0,,,,,,,,,,
361,190004.0,,,,,,,,,,
362,203220.0,,,,,,,,,,
363,192611.0,,,,,,,,,,
364,174301.0,0.98,1.02,24.5,25.5,17.64,18.36,4.9,5.1,1.47,1.53
365,189337.0,,,,,,,,,,
366,150637.0,1.68,1.32,23.52,18.48,14.56,11.44,11.76,9.24,5.04,3.96
367,140696.0,2.94,3.06,26.46,27.54,11.27,11.73,6.86,7.14,1.47,1.53
368,181912.0,3.84,8.16,16.64,35.36,6.4,13.6,2.88,6.12,2.24,4.76
369,168086.0,0.0,0.0,0.84,3.16,11.34,42.66,8.82,33.18,0.0,0.0
370,179975.0,,,,,,,,,,
371,168044.0,,,,,,,,,,
372,99470.0,,,,,,,,,,
373,171750.0,12.04,1.96,36.98,6.02,12.04,1.96,24.94,4.06,0.0,0.0
374,167374.0,1.6,2.4,19.2,28.8,14.4,21.6,1.6,2.4,3.2,4.8
375,192483.0,,,,,,,,,,
376,169241.0,,,,,,,,,,
377,192482.0,,,,,,,,,,
378,86137.0,,,,,,,,,,
379,162173.0,0.86,1.14,15.05,19.95,14.19,18.81,9.89,13.11,3.01,3.99
380,146506.0,1.84,2.16,18.4,21.6,11.96,14.04,10.12,11.88,3.22,3.78
381,121303.0,0.0,0.0,100.0,0.0,0.0,0.0,0.0,0.0,0.0,0.0
382,137008.0,2.45,2.55,24.99,26.01,12.25,12.75,6.86,7.14,2.94,3.06
383,154112.0,1.5,1.5,27.5,27.5,12.5,12.5,6.0,6.0,2.5,2.5
384,134895.0,2.0,3.0,17.6,26.4,9.2,13.8,8.8,13.2,2.4,3.6
385,144280.0,1.23,1.77,17.63,25.37,10.25,14.75,9.43,13.57,2.46,3.54
386,146469.0,1.84,2.16,20.7,24.3,11.96,14.04,8.74,10.26,2.76,3.24
387,127382.0,2.45,2.55,24.5,25.5,10.78,11.22,9.31,9.69,2.45,2.55
388,142384.0,1.38,1.62,19.78,23.22,11.5,13.5,10.12,11.88,3.22,3.78
389,146530.0,0.0,0.0,13.34,32.66,13.34,32.66,1.16,2.84,1.16,2.84
390,142459.0,,,,,,,,,,
391,143473.0,2.5,2.5,32.0,32.0,9.0,9.0,5.5,5.5,1.5,1.5
392,142304.0,0.0,0.0,20.52,15.48,20.52,15.48,10.26,7.74,5.7,4.3
393,175040.0,1.08,1.92,10.8,19.2,18.72,33.28,1.08,1.92,4.32,7.68
394,13895.0,,,,,,,,,,
395,174627.0,0.0,0.0,12.5,37.5,6.25,18.75,6.25,18.75,0.0,0.0
396,144266.0,1.2,0.8,27.0,18.0,16.2,10.8,10.2,6.8,4.8,3.2
397,172805.0,,,,,,,,,,
398,194730.0,,,,,,,,,,
399,193601.0,,,,,,,,,,
400,154270.0,4.64,3.36,24.36,17.64,14.5,10.5,6.96,5.04,6.96,5.04
401,187336.0,,,,,,,,,,
402,168013.0,,,,,,,,,,
403,168042.0,,,,,,,,,,
404,149059.0,1.16,0.84,25.52,18.48,19.14,13.86,9.28,6.72,2.32,1.68
405,164139.0,1.65,1.35,20.35,16.65,17.6,14.4,13.75,11.25,2.2,1.8
406,10922.0,0.78,1.22,25.74,40.26,9.36,14.64,2.34,3.66,0.78,1.22
407,39893.0,,,,,,,,,,
408,167603.0,,,,,,,,,,
409,179866.0,,,,,,,,,,
410,181210.0,,,,,,,,,,
411,56631.0,,,,,,,,,,
412,10062.0,,,,,,,,,,
413,180026.0,,,,,,,,,,
414,146508.0,0.58,1.42,15.08,36.92,6.38,15.62,3.77,9.23,3.19,7.81
415,160721.0,2.58,3.42,32.25,42.75,6.45,8.55,0.86,1.14,0.43,0.57
416,141206.0,0.74,1.26,15.91,27.09,8.88,15.12,7.77,13.23,3.33,5.67
417,157974.0,1.14,0.86,19.38,14.62,19.38,14.62,17.1,12.9,0.0,0.0
418,63969.0,0.0,0.0,40.0,10.8,20.0,5.4,20.0,5.4,20.0,5.4
419,58333.0,,,,,,,,,,
420,99664.0,,,,,,,,,,
421,168298.0,1.44,1.56,27.84,30.16,12.48,13.52,4.32,4.68,1.44,1.56
422,38823.0,,,,,,,,,,
423,140652.0,3.22,3.78,28.98,34.02,7.82,9.18,4.14,4.86,1.38,1.62
424,168069.0,,,,,,,,,,
425,83214.0,,,,,,,,,,
426,163711.0,,,,,,,,,,
427,186402.0,,,,,,,,,,
428,179327.0,,,,,,,,,,
429,193041.0,,,,,,,,,,
430,146524.0,2.0,2.0,27.5,27.5,11.0,11.0,7.0,7.0,2.5,2.5
431,153652.0,2.7,3.3,26.1,31.9,8.55,10.45,5.85,7.15,1.8,2.2
432,120165.0,0.7,1.3,18.9,35.1,8.4,15.6,4.9,9.1,2.45,4.55
433,172085.0,,,,,,,,,,
434,200404.0,,,,,,,,,,
435,41350.0,,,,,,,,,,
436,74315.0,,,,,,,,,,
437,93728.0,,,,,,,,,,
438,167105.0,1.59,1.41,28.09,24.91,13.78,12.22,6.89,6.11,2.65,2.35
439,91073.0,,,,,,,,,,
440,76080.0,,,,,,,,,,
441,82906.0,,,,,,,,,,
442,164173.0,2.34,3.66,17.94,28.06,8.97,14.03,5.85,9.15,3.51,5.49
443,165748.0,1.44,1.56,19.2,20.8,13.44,14.56,10.56,11.44,2.88,3.12
444,84899.0,,,,,,,,,,
445,110246.0,,,,,,,,,,
446,182163.0,,,,,,,,,,
447,159716.0,0.0,0.0,19.24,54.76,5.46,15.54,1.3,3.7,0.0,0.0
448,164151.0,1.35,1.65,21.15,25.85,11.25,13.75,8.1,9.9,3.15,3.85
449,92536.0,,,,,,,,,,
450,10101.0,6.25,18.75,6.25,18.75,12.5,37.5,0.0,0.0,0.0,0.0
451,148946.0,0.0,0.0,1.68,10.32,8.4,51.6,3.64,22.36,0.28,1.72
452,159877.0,1.29,1.71,16.77,22.23,12.04,15.96,9.46,12.54,3.01,3.99
453,155716.0,2.0,2.0,28.5,28.5,10.5,10.5,6.0,6.0,2.5,2.5
454,173103.0,,,,,,,,,,
455,168083.0,,,,,,,,,,
456,47115.0,,,,,,,,,,
457,30317.0,,,,,,,,,,
458,186603.0,,,,,,,,,,
459,72930.0,,,,,,,,,,
460,182045.0,,,,,,,,,,
461,175792.0,,,,,,,,,,
462,159848.0,0.92,1.08,19.32,22.68,11.96,14.04,5.52,6.48,7.82,9.18
463,159146.0,0.0,0.0,9.5,15.5,17.48,28.52,3.04,4.96,7.98,13.02
464,145292.0,3.24,2.76,38.88,33.12,7.02,5.98,3.24,2.76,1.62,1.38
465,186092.0,,,,,,,,,,
466,167099.0,1.14,0.86,28.5,21.5,16.53,12.47,7.41,5.59,2.85,2.15
467,92125.0,2.49,0.51,26.56,5.44,24.07,4.93,18.26,3.74,12.45,2.55
468,192479.0,,,,,,,,,,
469,184234.0,,,,,,,,,,
470,183286.0,,,,,,,,,,
471,184233.0,,,,,,,,,,
472,177943.0,,,,,,,,,,
473,65290.0,,,,,,,,,,
474,53065.0,,,,,,,,,,
475,144215.0,0.52,0.48,29.12,26.88,12.48,11.52,7.28,6.72,2.6,2.4
476,184239.0,,,,,,,,,,
477,192478.0,,,,,,,,,,
478,171024.0,,,,,,,,,,
479,31801.0,4.56,7.44,16.72,27.28,7.22,11.78,4.56,7.44,4.56,7.44
480,154625.0,0.0,0.0,26.95,28.05,15.19,15.81,5.88,6.12,0.98,1.02
481,168172.0,0.0,0.0,27.54,23.46,19.98,17.02,4.86,4.14,1.62,1.38
482,159747.0,1.2,3.8,4.56,14.44,10.32,32.68,1.2,3.8,6.96,22.04
483,37853.0,,,,,,,,,,
484,37919.0,,,,,,,,,,
485,83528.0,0.0,0.0,25.0,25.0,19.0,19.0,6.0,6.0,0.0,0.0
486,172798.0,0.0,0.0,2.07,6.93,13.57,45.43,7.36,24.64,0.0,0.0
487,161944.0,,,,,,,,,,
488,169899.0,0.0,0.0,0.0,0.0,12.5,12.5,12.5,12.5,25.0,25.0
489,160009.0,0.0,0.0,15.6,14.4,19.24,17.76,11.44,10.56,5.72,5.28
490,148773.0,,,,,,,,,,
491,39399.0,,,,,,,,,,
492,140072.0,,,,,,,,,,
493,179840.0,0.0,0.0,2.89,14.11,5.61,27.39,2.89,14.11,5.61,27.39
494,162265.0,0.0,0.0,12.5,37.5,12.5,37.5,0.0,0.0,0.0,0.0
495,75744.0,2.05,2.95,26.24,37.76,11.07,15.93,2.05,2.95,0.0,0.0
496,42841.0,,,,,,,,,,
497,72337.0,,,,,,,,,,
498,154981.0,5.2,4.8,35.36,32.64,11.96,11.04,0.0,0.0,0.0,0.0
499,146566.0,0.0,0.0,23.46,22.54,9.69,9.31,9.69,9.31,8.16,7.84
500,159827.0,0.47,0.53,22.09,24.91,19.74,22.26,4.23,4.77,0.94,1.06
501,175727.0,0.0,0.0,1.26,4.74,15.75,59.25,3.78,14.22,0.21,0.79
502,162423.0,0.0,0.0,22.68,19.32,17.82,15.18,9.18,7.82,4.32,3.68
503,159670.0,0.0,0.0,0.0,0.0,10.89,22.11,10.89,22.11,10.89,22.11
504,172040.0,8.82,5.18,40.32,23.68,10.08,5.92,2.52,1.48,1.26,0.74
505,159731.0,0.0,0.0,14.5,35.5,4.06,9.94,10.44,25.56,0.0,0.0
506,167107.0,1.32,4.68,12.1,42.9,6.16,21.84,1.76,6.24,0.88,3.12
507,75378.0,2.0,8.0,10.0,40.0,8.0,32.0,0.0,0.0,0.0,0.0
508,172031.0,,,,,,,,,,
509,54970.0,0.0,0.0,14.52,29.48,10.89,22.11,7.26,14.74,0.0,0.0
510,163363.0,,,,,,,,,,
511,159894.0,2.16,3.84,12.96,23.04,12.96,23.04,2.16,3.84,5.4,9.6
512,177277.0,,,,,,,,,,
513,18419.0,,,,,,,,,,
514,172770.0,,,,,,,,,,
515,192477.0,,,,,,,,,,
516,184237.0,,,,,,,,,,
517,153580.0,0.0,0.0,26.23,16.77,19.52,12.48,9.15,5.85,6.1,3.9
518,181104.0,1.46,0.54,38.69,14.31,17.52,6.48,7.3,2.7,7.3,2.7
519,184323.0,,,,,,,,,,
520,142739.0,0.96,1.04,25.44,27.56,12.0,13.0,6.72,7.28,2.88,3.12
521,99752.0,3.5,3.5,22.5,22.5,13.5,13.5,8.0,8.0,2.0,2.0
522,167787.0,1.47,5.53,11.76,44.24,4.2,15.8,2.31,8.69,1.05,3.95
523,159311.0,0.96,2.04,21.12,44.88,7.04,14.96,2.24,4.76,0.64,1.36
524,184216.0,,,,,,,,,,
525,180907.0,,,,,,,,,,
526,192476.0,,,,,,,,,,
527,170851.0,,,,,,,,,,
528,192473.0,,,,,,,,,,
529,192630.0,,,,,,,,,,
530,192475.0,,,,,,,,,,
531,192474.0,,,,,,,,,,
532,177771.0,,,,,,,,,,
533,154653.0,0.0,0.0,8.19,30.81,9.03,33.97,1.89,7.11,2.1,7.9
534,163533.0,1.0,1.0,17.0,17.0,13.5,13.5,13.5,13.5,5.5,5.5
535,152686.0,,,,,,,,,,
536,172341.0,,,,,,,,,,
537,164106.0,1.47,1.53,24.01,24.99,11.76,12.24,8.33,8.67,3.43,3.57
538,152274.0,,,,,,,,,,
539,152680.0,1.4,0.6,23.1,9.9,25.2,10.8,14.0,6.0,7.0,3.0
540,167602.0,0.0,0.0,21.28,54.72,5.6,14.4,0.0,0.0,1.12,2.88
541,113129.0,,,,,,,,,,
542,98214.0,,,,,,,,,,
543,183108.0,,,,,,,,,,
544,179900.0,,,,,,,,,,
545,184202.0,,,,,,,,,,
546,159342.0,,,,,,,,,,
547,165638.0,,,,,,,,,,
548,184303.0,,,,,,,,,,
549,210874.0,,,,,,,,,,
550,165637.0,,,,,,,,,,
551,159341.0,,,,,,,,,,
552,85140.0,,,,,,,,,,
553,103577.0,,,,,,,,,,
554,136547.0,,,,,,,,,,
555,121799.0,,,,,,,,,,
556,16707.0,,,,,,,,,,
557,88431.0,,,,,,,,,,
558,152344.0,0.59,0.41,21.24,14.76,17.7,12.3,13.57,9.43,5.9,4.1
559,192472.0,,,,,,,,,,
560,182599.0,,,,,,,,,,
561,182051.0,,,,,,,,,,
562,190056.0,,,,,,,,,,
563,163817.0,,,,,,,,,,
564,173833.0,0.0,0.0,24.36,33.64,10.5,14.5,3.36,4.64,3.36,4.64
565,137011.0,,,,,,,,,,
566,158117.0,,,,,,,,,,
567,99700.0,,,,,,,,,,
568,121034.0,,,,,,,,,,
569,181295.0,,,,,,,,,,
570,111991.0,,,,,,,,,,
571,107365.0,,,,,,,,,,
572,144983.0,,,,,,,,,,
573,168068.0,,,,,,,,,,
574,43310.0,,,,,,,,,,
575,182047.0,,,,,,,,,,
576,171531.0,,,,,,,,,,
577,157297.0,0.58,0.42,24.94,18.06,17.4,12.6,9.86,7.14,5.22,3.78
578,172420.0,3.2,4.8,23.2,34.8,10.0,15.0,2.8,4.2,0.8,1.2
579,181926.0,,,,,,,,,,
580,152669.0,0.0,0.0,0.0,0.0,50.0,14.5,0.0,0.0,50.0,14.5
581,154437.0,0.28,0.72,10.92,28.08,8.68,22.32,4.76,12.24,3.36,8.64
582,179317.0,,,,,,,,,,
583,182057.0,,,,,,,,,,
584,163744.0,0.0,0.0,100.0,17.0,0.0,0.0,0.0,0.0,0.0,0.0
585,140010.0,1.48,2.52,20.35,34.65,7.4,12.6,5.92,10.08,2.22,3.78
586,170581.0,,,,,,,,,,
587,168026.0,,,,,,,,,,
588,179871.0,,,,,,,,,,
589,182729.0,,,,,,,,,,
590,153687.0,1.59,1.41,21.73,19.27,13.25,11.75,11.13,9.87,5.3,4.7
591,96967.0,,,,,,,,,,
592,134880.0,,,,,,,,,,
593,192471.0,,,,,,,,,,
594,175362.0,,,,,,,,,,
595,111574.0,,,,,,,,,,
596,173884.0,0.0,0.0,18.81,38.19,9.57,19.43,4.62,9.38,0.0,0.0
597,179012.0,,,,,,,,,,
598,167697.0,2.1,2.9,16.38,22.62,11.34,15.66,9.66,13.34,2.52,3.48
599,179097.0,,,,,,,,,,
600,176622.0,0.0,0.0,0.0,0.0,100.0,9.0,0.0,0.0,0.0,0.0
601,167056.0,,,,,,,,,,
602,172980.0,0.0,0.0,0.0,0.0,37.5,12.5,37.5,12.5,0.0,0.0
603,178054.0,,,,,,,,,,
604,182005.0,,,,,,,,,,
605,143416.0,3.7,6.3,24.05,40.95,5.92,10.08,2.22,3.78,1.11,1.89
606,171475.0,,,,,,,,,,
607,156417.0,7.25,17.75,17.11,41.89,2.61,6.39,1.74,4.26,0.0,0.0
608,153279.0,0.44,1.56,1.76,6.24,11.88,42.12,7.7,27.3,0.22,0.78
609,145342.0,,,,,,,,,,
610,178097.0,0.41,0.59,14.76,21.24,13.53,19.47,6.15,8.85,5.74,8.26
611,172752.0,,,,,,,,,,
612,127394.0,,,,,,,,,,
613,165321.0,0.78,2.22,8.84,25.16,10.66,30.34,3.12,8.88,2.6,7.4
614,126133.0,,,,,,,,,,
615,92530.0,,,,,,,,,,
616,149730.0,,,,,,,,,,
617,158652.0,0.0,0.0,22.11,44.89,5.61,11.39,5.61,11.39,0.0,0.0
618,174596.0,,,,,,,,,,
619,132631.0,,,,,,,,,,
620,145805.0,,,,,,,,,,
621,176733.0,,,,,,,,,,
622,49862.0,,,,,,,,,,
623,113340.0,,,,,,,,,,
624,127461.0,,,,,,,,,,
625,181574.0,,,,,,,,,,
626,177134.0,,,,,,,,,,
627,172447.0,,,,,,,,,,
628,155715.0,3.12,4.88,19.5,30.5,8.58,13.42,5.46,8.54,2.34,3.66
629,159830.0,4.88,3.12,34.16,21.84,14.03,8.97,6.1,3.9,1.83,1.17
630,199864.0,,,,,,,,,,
631,158124.0,,,,,,,,,,
632,89009.0,,,,,,,,,,
633,168059.0,0.0,0.0,16.0,24.0,16.0,24.0,8.0,12.0,0.0,0.0
634,182513.0,,,,,,,,,,
635,177397.0,,,,,,,,,,
636,178751.0,,,,,,,,,,
637,195681.0,0.0,0.0,50.0,50.0,0.0,0.0,0.0,0.0,0.0,0.0
638,179868.0,,,,,,,,,,
639,168479.0,0.0,0.0,0.0,0.0,0.0,0.0,100.0,11.0,0.0,0.0
640,176902.0,,,,,,,,,,
641,171538.0,,,,,,,,,,
642,168018.0,,,,,,,,,,
643,192470.0,,,,,,,,,,
644,31234.0,,,,,,,,,,
645,142324.0,1.86,1.14,38.44,23.56,18.6,11.4,3.1,1.9,0.0,0.0
646,156091.0,0.0,0.0,26.5,26.5,16.5,16.5,4.5,4.5,2.0,2.0
647,175099.0,,,,,,,,,,
648,148847.0,,,,,,,,,,
649,180005.0,,,,,,,,,,
650,182597.0,,,,,,,,,,
651,157500.0,0.4,1.6,1.4,5.6,11.4,45.6,6.8,27.2,0.2,0.8
652,133129.0,0.94,1.06,18.33,20.67,12.22,13.78,10.81,12.19,4.23,4.77
653,140731.0,1.16,0.84,31.32,22.68,15.66,11.34,6.96,5.04,2.32,1.68
654,172167.0,,,,,,,,,,
655,172769.0,,,,,,,,,,
656,113624.0,,,,,,,,,,
657,109906.0,3.06,2.94,22.95,22.05,11.22,10.78,10.2,9.8,4.59,4.41
658,171490.0,0.28,0.72,12.04,30.96,8.68,22.32,3.36,8.64,3.92,10.08
659,163846.0,,,,,,,,,,
660,47174.0,,,,,,,,,,
661,167581.0,,,,,,,,,,
662,178096.0,,,,,,,,,,
663,169218.0,,,,,,,,,,
664,128293.0,,,,,,,,,,
665,133424.0,0.4,0.6,20.8,31.2,13.2,19.8,3.6,5.4,2.4,3.6
666,172771.0,,,,,,,,,,
667,191370.0,,,,,,,,,,
668,57723.0,0.0,0.0,24.36,17.64,22.62,16.38,2.9,2.1,7.54,5.46
669,36344.0,,,,,,,,,,
670,58085.0,,,,,,,,,,
671,35628.0,,,,,,,,,,
672,32610.0,,,,,,,,,,
673,48747.0,,,,,,,,,,
674,66510.0,,,,,,,,,,
675,191367.0,,,,,,,,,,
676,37235.0,,,,,,,,,,
677,34501.0,,,,,,,,,,
678,73285.0,,,,,,,,,,
679,89873.0,,,,,,,,,,
680,146407.0,2.01,0.99,29.48,14.52,22.11,10.89,9.38,4.62,4.69,2.31
681,35939.0,3.5,3.5,28.5,28.5,7.0,7.0,10.5,10.5,0.0,0.0
682,37261.0,,,,,,,,,,
683,49529.0,,,,,,,,,,
684,121090.0,3.01,3.99,24.94,33.06,8.17,10.83,6.02,7.98,0.86,1.14
685,91391.0,,,,,,,,,,
686,35938.0,,,,,,,,,,
687,89606.0,,,,,,,,,,
688,34971.0,,,,,,,,,,
689,36451.0,,,,,,,,,,
690,62566.0,,,,,,,,,,
691,158885.0,0.48,2.52,9.44,49.56,4.32,22.68,1.44,7.56,0.32,1.68
692,50932.0,,,,,,,,,,
693,152656.0,1.8,2.2,22.5,27.5,9.9,12.1,9.0,11.0,1.8,2.2
694,30037.0,,,,,,,,,,
695,36956.0,,,,,,,,,,
696,65429.0,,,,,,,,,,
697,39422.0,,,,,,,,,,
698,66002.0,,,,,,,,,,
699,136893.0,3.12,4.88,22.23,34.77,8.19,12.81,4.29,6.71,1.17,1.83
700,35172.0,,,,,,,,,,
701,88227.0,1.38,0.62,26.91,12.09,21.39,9.61,15.18,6.82,4.83,2.17
702,40033.0,,,,,,,,,,
703,39482.0,,,,,,,,,,
704,58018.0,,,,,,,,,,
705,41705.0,,,,,,,,,,
706,30984.0,,,,,,,,,,
707,52375.0,,,,,,,,,,
708,143402.0,1.65,1.35,34.1,27.9,13.2,10.8,4.95,4.05,1.1,0.9
709,83268.0,,,,,,,,,,
710,143937.0,,,,,,,,,,
711,45416.0,,,,,,,,,,
712,51076.0,,,,,,,,,,
713,149512.0,2.04,1.96,29.07,27.93,10.71,10.29,6.63,6.37,3.06,2.94
714,55405.0,,,,,,,,,,
715,158692.0,,,,,,,,,,
716,164966.0,,,,,,,,,,
717,192469.0,,,,,,,,,,
718,172970.0,,,,,,,,,,
719,151196.0,0.58,1.42,9.86,24.14,7.83,19.17,8.41,20.59,2.32,5.68
720,158631.0,0.47,0.53,23.03,25.97,13.16,14.84,7.99,9.01,2.35,2.65
721,179746.0,,,,,,,,,,
722,156910.0,,,,,,,,,,
723,146489.0,0.5,1.5,4.5,13.5,10.25,30.75,9.25,27.75,0.75,2.25
724,178856.0,,,,,,,,,,
725,74650.0,,,,,,,,,,
726,169666.0,,,,,,,,,,
727,172488.0,,,,,,,,,,
728,162853.0,,,,,,,,,,
729,168039.0,,,,,,,,,,
730,158700.0,,,,,,,,,,
731,178416.0,,,,,,,,,,
732,143373.0,2.03,4.97,10.44,25.56,10.44,25.56,2.03,4.97,4.06,9.94
733,145376.0,0.0,0.0,1.96,5.04,21.0,54.0,4.76,12.24,0.28,0.72
734,191581.0,,,,,,,,,,
735,143460.0,0.0,0.0,19.27,27.73,12.71,18.29,4.92,7.08,3.69,5.31
736,192468.0,,,,,,,,,,
737,178456.0,2.66,4.34,22.42,36.58,6.46,10.54,3.8,6.2,2.66,4.34
738,152268.0,,,,,,,,,,
739,110333.0,1.26,0.74,32.13,18.87,19.53,11.47,8.19,4.81,2.52,1.48
740,168036.0,0.0,0.0,24.75,20.25,4.95,4.05,14.85,12.15,9.9,8.1
741,163812.0,,,,,,,,,,
742,15530.0,,,,,,,,,,
743,34316.0,,,,,,,,,,
744,41118.0,,,,,,,,,,
745,27540.0,,,,,,,,,,
746,62787.0,,,,,,,,,,
747,26940.0,,,,,,,,,,
748,42173.0,,,,,,,,,,
749,172799.0,,,,,,,,,,
750,152249.0,0.56,0.44,26.32,20.68,14.56,11.44,10.08,7.92,5.04,3.96
751,92079.0,,,,,,,,,,
752,185267.0,1.41,1.59,22.09,24.91,13.16,14.84,7.52,8.48,2.82,3.18
753,181286.0,0.0,0.0,62.32,13.68,4.92,1.08,14.76,3.24,0.0,0.0
754,165461.0,0.42,0.58,12.18,16.82,12.18,16.82,11.76,16.24,5.88,8.12
755,152183.0,0.46,0.54,12.42,14.58,17.02,19.98,12.42,14.58,3.68,4.32
756,164102.0,2.25,6.75,13.75,41.25,5.25,15.75,2.25,6.75,1.5,4.5
757,160720.0,0.0,0.0,1.08,4.92,14.04,63.96,2.7,12.3,0.18,0.82
758,152486.0,0.26,1.74,7.8,52.2,4.29,28.71,0.52,3.48,0.0,0.0
759,155228.0,0.0,0.0,30.0,20.0,22.2,14.8,1.8,1.2,6.0,4.0
760,156930.0,0.0,0.0,0.0,0.0,25.0,25.0,0.0,0.0,25.0,25.0
761,147835.0,0.0,0.0,0.0,0.0,0.0,0.0,0.0,0.0,100.0,27.0
762,172188.0,,,,,,,,,,
763,10006.0,,,,,,,,,,
764,101966.0,0.8,1.2,16.4,24.6,13.6,20.4,8.0,12.0,0.8,1.2
765,47528.0,,,,,,,,,,
766,66463.0,,,,,,,,,,
767,45649.0,,,,,,,,,,
768,149516.0,0.22,0.78,1.32,4.68,16.5,58.5,3.96,14.04,0.22,0.78
769,134899.0,1.8,3.2,19.8,35.2,6.84,12.16,5.04,8.96,2.16,3.84
770,151117.0,0.54,1.46,16.74,45.26,7.02,18.98,2.16,5.84,0.54,1.46
771,138601.0,0.88,3.12,12.98,46.02,5.94,21.06,1.1,3.9,0.88,3.12
772,147368.0,,,,,,,,,,
773,161850.0,2.22,3.78,19.24,32.76,7.77,13.23,5.55,9.45,2.22,3.78
774,58088.0,,,,,,,,,,
775,130787.0,2.85,2.15,31.35,23.65,11.4,8.6,9.12,6.88,1.71,1.29
776,36727.0,,,,,,,,,,
777,34322.0,,,,,,,,,,
778,10852.0,,,,,,,,,,
779,16846.0,,,,,,,,,,
780,92877.0,,,,,,,,,,
781,60789.0,,,,,,,,,,
782,75882.0,,,,,,,,,,
783,165830.0,,,,,,,,,,
784,169650.0,,,,,,,,,,
785,41613.0,,,,,,,,,,
786,73799.0,,,,,,,,,,
787,137887.0,,,,,,,,,,
788,60484.0,,,,,,,,,,
789,17416.0,,,,,,,,,,
790,29354.0,,,,,,,,,,
791,38281.0,,,,,,,,,,
792,175470.0,,,,,,,,,,
793,199878.0,,,,,,,,,,
794,10245.0,,,,,,,,,,
795,168244.0,,,,,,,,,,
796,201339.0,,,,,,,,,,
797,178454.0,,,,,,,,,,
798,100205.0,0.57,0.43,25.08,18.92,18.24,13.76,7.41,5.59,5.13,3.87
799,170794.0,,,,,,,,,,
800,158664.0,,,,,,,,,,
801,152628.0,,,,,,,,,,
802,174933.0,,,,,,,,,,
803,16516.0,,,,,,,,,,
804,112014.0,,,,,,,,,,
805,123613.0,,,,,,,,,,
806,127378.0,0.0,0.0,1.98,7.02,13.2,46.8,6.16,21.84,0.22,0.78
807,164946.0,,,,,,,,,,
808,157532.0,,,,,,,,,,
809,181927.0,,,,,,,,,,
810,146231.0,,,,,,,,,,
811,164277.0,,,,,,,,,,
812,158092.0,,,,,,,,,,
813,152692.0,,,,,,,,,,
814,47494.0,,,,,,,,,,
815,144130.0,0.0,0.0,11.07,29.93,8.64,23.36,5.4,14.6,1.89,5.11
816,154273.0,0.0,0.0,16.72,2.28,44.0,6.0,16.72,2.28,10.56,1.44
817,117400.0,,,,,,,,,,
818,176596.0,,,,,,,,,,
819,171483.0,,,,,,,,,,
820,85579.0,2.25,2.75,20.25,24.75,11.25,13.75,8.55,10.45,2.25,2.75
821,74689.0,,,,,,,,,,
822,175092.0,,,,,,,,,,
823,116233.0,1.71,1.29,29.64,22.36,11.97,9.03,9.69,7.31,3.99,3.01
824,175111.0,,,,,,,,,,
825,184215.0,,,,,,,,,,
826,190718.0,,,,,,,,,,
827,28581.0,,,,,,,,,,
828,174919.0,,,,,,,,,,
829,12780.0,,,,,,,,,,
830,167389.0,,,,,,,,,,
831,37838.0,,,,,,,,,,
832,88225.0,,,,,,,,,,
833,194372.0,,,,,,,,,,
834,194871.0,,,,,,,,,,
835,162854.0,0.29,0.71,11.89,29.11,9.86,24.14,2.9,7.1,4.06,9.94
836,173828.0,,,,,,,,,,
837,166463.0,0.0,0.0,17.0,4.25,17.0,4.25,67.0,16.75,0.0,0.0
838,168010.0,,,,,,,,,,
839,206029.0,,,,,,,,,,
840,180335.0,,,,,,,,,,
841,173213.0,,,,,,,,,,
842,170798.0,,,,,,,,,,
843,163832.0,0.0,0.0,9.5,28.5,9.5,28.5,3.5,10.5,2.5,7.5
844,162963.0,,,,,,,,,,
845,44911.0,0.82,1.18,21.73,31.27,11.89,17.11,4.51,6.49,1.64,2.36
846,168746.0,,,,,,,,,,
847,178458.0,,,,,,,,,,
848,140647.0,8.1,6.9,36.72,31.28,5.4,4.6,2.7,2.3,1.62,1.38
849,171485.0,,,,,,,,,,
850,171536.0,,,,,,,,,,
851,153651.0,1.04,0.96,20.28,18.72,15.08,13.92,12.48,11.52,3.12,2.88
852,171493.0,,,,,,,,,,
853,174342.0,,,,,,,,,,
854,30056.0,,,,,,,,,,
855,26821.0,,,,,,,,,,
856,174343.0,,,,,,,,,,
857,164918.0,,,,,,,,,,
858,47429.0,,,,,,,,,,
859,164719.0,0.96,2.04,17.92,38.08,10.56,22.44,1.6,3.4,0.64,1.36
860,15919.0,,,,,,,,,,
861,157340.0,,,,,,,,,,
862,152694.0,1.23,1.77,20.91,30.09,13.94,20.06,2.46,3.54,2.05,2.95
863,172841.0,,,,,,,,,,
864,172844.0,,,,,,,,,,
865,152646.0,0.0,0.0,100.0,23.0,0.0,0.0,0.0,0.0,0.0,0.0
866,10651.0,,,,,,,,,,
867,58538.0,,,,,,,,,,
868,16494.0,,,,,,,,,,
869,167733.0,,,,,,,,,,
870,10469.0,,,,,,,,,,
871,146415.0,,,,,,,,,,
872,172833.0,,,,,,,,,,
873,155420.0,,,,,,,,,,
874,129098.0,,,,,,,,,,
875,163824.0,0.0,0.0,0.0,0.0,100.0,26.0,0.0,0.0,0.0,0.0
876,158861.0,,,,,,,,,,
877,172824.0,,,,,,,,,,
878,144944.0,2.36,1.64,44.84,31.16,7.67,5.33,2.36,1.64,1.18,0.82
879,178452.0,,,,,,,,,,
880,156565.0,11.39,5.61,44.89,22.11,0.0,0.0,11.39,5.61,0.0,0.0
881,187981.0,,,,,,,,,,
882,188909.0,1.77,1.23,20.06,13.94,18.29,12.71,13.57,9.43,5.9,4.1
883,154236.0,,,,,,,,,,
884,143409.0,0.0,0.0,15.68,33.32,11.52,24.48,2.88,6.12,1.92,4.08
885,98901.0,,,,,,,,,,
886,167743.0,,,,,,,,,,
887,124227.0,,,,,,,,,,
888,154206.0,0.0,0.0,15.37,37.63,10.15,24.85,2.9,7.1,0.58,1.42
889,134811.0,,,,,,,,,,
890,153964.0,13.86,7.14,36.96,19.04,5.94,3.06,7.26,3.74,1.98,1.02
891,144379.0,0.93,2.07,14.57,32.43,8.06,17.94,4.34,9.66,3.1,6.9
892,127374.0,1.28,0.72,30.72,17.28,19.2,10.8,10.24,5.76,2.56,1.44
893,172475.0,,,,,,,,,,
894,169651.0,,,,,,,,,,
895,158854.0,,,,,,,,,,
896,65722.0,,,,,,,,,,
897,167311.0,,,,,,,,,,
898,137890.0,2.16,1.84,30.24,25.76,13.5,11.5,5.94,5.06,1.62,1.38
899,156461.0,,,,,,,,,,
900,172074.0,,,,,,,,,,
901,155256.0,0.6,0.4,33.0,22.0,17.4,11.6,7.2,4.8,1.8,1.2
902,181949.0,,,,,,,,,,
903,167061.0,,,,,,,,,,
904,158632.0,,,,,,,,,,
905,163813.0,,,,,,,,,,
906,168551.0,0.0,0.0,16.83,34.17,13.53,27.47,1.98,4.02,0.66,1.34
907,168931.0,,,,,,,,,,
908,159798.0,,,,,,,,,,
909,151746.0,,,,,,,,,,
910,171512.0,,,,,,,,,,
911,159156.0,,,,,,,,,,
912,157178.0,6.72,5.28,38.64,30.36,6.72,5.28,2.8,2.2,1.12,0.88
913,182578.0,0.56,0.44,19.6,15.4,18.48,14.52,12.88,10.12,3.92,3.08
914,152243.0,,,,,,,,,,
915,171037.0,,,,,,,,,,
916,194471.0,,,,,,,,,,
917,164939.0,,,,,,,,,,
918,124025.0,2.55,2.45,32.64,31.36,10.2,9.8,4.59,4.41,1.53,1.47
919,125802.0,1.23,1.77,23.37,33.63,11.07,15.93,3.69,5.31,1.64,2.36
920,144272.0,,,,,,,,,,
921,129406.0,2.16,3.84,19.44,34.56,7.2,12.8,5.4,9.6,1.8,3.2
922,144943.0,2.4,2.6,29.28,31.72,9.12,9.88,5.28,5.72,1.92,2.08
923,160115.0,,,,,,,,,,
924,40133.0,,,,,,,,,,
925,149122.0,,,,,,,,,,
926,144958.0,0.0,0.0,14.11,2.89,27.39,5.61,0.0,0.0,41.5,8.5
927,124205.0,0.0,0.0,0.0,0.0,12.5,12.5,25.0,25.0,12.5,12.5
928,158886.0,,,,,,,,,,
929,119966.0,1.72,2.28,20.21,26.79,11.18,14.82,6.45,8.55,3.01,3.99
930,45921.0,,,,,,,,,,
931,97693.0,,,,,,,,,,
932,129051.0,2.55,2.45,30.09,28.91,10.71,10.29,5.1,4.9,2.04,1.96
933,144188.0,0.0,0.0,100.0,31.0,0.0,0.0,0.0,0.0,0.0,0.0
934,106522.0,3.51,5.49,19.5,30.5,8.19,12.81,7.02,10.98,0.78,1.22
935,140226.0,,,,,,,,,,
936,107374.0,2.15,2.85,22.36,29.64,11.61,15.39,5.16,6.84,2.15,2.85
937,149027.0,0.0,0.0,0.0,0.0,0.0,0.0,100.0,21.0,0.0,0.0
938,124041.0,1.5,1.5,29.0,29.0,12.5,12.5,5.5,5.5,2.0,2.0
939,142242.0,2.25,2.75,32.85,40.15,6.75,8.25,2.25,2.75,1.35,1.65
940,115366.0,1.36,2.64,20.06,38.94,8.16,15.84,3.06,5.94,1.7,3.3
941,71705.0,,,,,,,,,,
942,127397.0,0.61,0.39,25.01,15.99,17.69,11.31,15.25,9.75,2.44,1.56
943,103760.0,0.52,0.48,25.48,23.52,15.08,13.92,7.8,7.2,2.6,2.4
944,132627.0,0.64,1.36,5.12,10.88,15.36,32.64,10.24,21.76,0.64,1.36
945,151751.0,0.0,0.0,22.88,21.12,22.88,21.12,5.72,5.28,0.0,0.0
946,147035.0,,,,,,,,,,
947,160116.0,,,,,,,,,,
948,167577.0,,,,,,,,,,
949,154252.0,,,,,,,,,,
950,156561.0,,,,,,,,,,
951,121052.0,0.23,0.77,1.38,4.62,14.49,48.51,6.9,23.1,0.23,0.77
952,140064.0,0.0,0.0,25.0,25.0,16.5,16.5,8.5,8.5,0.0,0.0
953,165791.0,0.0,0.0,12.5,37.5,12.5,37.5,0.0,0.0,0.0,0.0
954,172774.0,,,,,,,,,,
955,158697.0,,,,,,,,,,
956,125448.0,,,,,,,,,,
957,143431.0,,,,,,,,,,
958,167650.0,,,,,,,,,,
959,73583.0,,,,,,,,,,
960,89745.0,,,,,,,,,,
961,33536.0,,,,,,,,,,
962,51172.0,,,,,,,,,,
963,83404.0,,,,,,,,,,
964,150198.0,5.4,4.6,29.7,25.3,8.64,7.36,8.64,7.36,1.62,1.38
965,165762.0,,,,,,,,,,
966,166524.0,,,,,,,,,,
967,158871.0,,,,,,,,,,
968,167103.0,0.44,1.56,1.54,5.46,16.72,59.28,3.3,11.7,0.0,0.0
969,191597.0,0.48,0.52,14.88,16.12,17.76,19.24,11.04,11.96,3.36,3.64
970,146517.0,0.58,0.42,31.9,23.1,13.92,10.08,7.54,5.46,3.48,2.52
971,140792.0,,,,,,,,,,
972,158889.0,,,,,,,,,,
973,170497.0,,,,,,,,,,
974,158910.0,0.8,1.2,13.2,19.8,12.0,18.0,7.6,11.4,6.4,9.6
975,137875.0,2.45,2.55,30.87,32.13,8.82,9.18,5.39,5.61,1.47,1.53
976,113343.0,,,,,,,,,,
977,18898.0,,,,,,,,,,
978,147056.0,,,,,,,,,,
979,140288.0,,,,,,,,,,
980,151715.0,0.0,0.0,8.32,23.68,7.8,22.2,6.76,19.24,3.12,8.88
981,14561.0,,,,,,,,,,
982,142251.0,0.0,0.0,16.5,33.5,10.89,22.11,5.61,11.39,0.0,0.0
983,159785.0,0.0,0.0,44.89,22.11,22.11,10.89,0.0,0.0,0.0,0.0
984,154467.0,,,,,,,,,,
985,170419.0,,,,,,,,,,
986,162217.0,,,,,,,,,,
987,162877.0,,,,,,,,,,
988,146485.0,1.16,0.84,31.32,22.68,13.34,9.66,7.54,5.46,4.06,2.94
989,47384.0,,,,,,,,,,
990,163420.0,,,,,,,,,,
991,142803.0,3.44,4.56,23.65,31.35,7.74,10.26,6.45,8.55,1.29,1.71
992,44913.0,1.83,1.17,34.77,22.23,15.25,9.75,6.1,3.9,2.44,1.56
993,123519.0,1.26,1.74,25.62,35.38,9.66,13.34,4.2,5.8,1.68,2.32
994,154214.0,0.88,1.12,24.64,31.36,11.88,15.12,5.28,6.72,1.32,1.68
995,115504.0,2.52,3.48,24.36,33.64,8.4,11.6,5.46,7.54,1.26,1.74
996,140695.0,2.04,1.96,27.54,26.46,11.73,11.27,7.65,7.35,2.04,1.96
997,154253.0,,,,,,,,,,
998,168092.0,0.43,0.57,18.49,24.51,13.33,17.67,5.59,7.41,5.16,6.84
999,163861.0,,,,,,,,,,
1000,153342.0,0.0,0.0,24.0,36.0,16.0,24.0,0.0,0.0,0.0,0.0
1001,167788.0,,,,,,,,,,
1002,137905.0,,,,,,,,,,
1003,115642.0,2.82,3.18,31.02,34.98,7.05,7.95,4.7,5.3,0.94,1.06
1004,177532.0,,,,,,,,,,
1005,52012.0,,,,,,,,,,
1006,158644.0,,,,,,,,,,
1007,115520.0,0.92,1.08,34.96,41.04,5.98,7.02,2.76,3.24,1.38,1.62
1008,139698.0,0.0,0.0,1.96,12.04,11.62,71.38,0.42,2.58,0.0,0.0
1009,146386.0,2.4,2.6,27.36,29.64,11.04,11.96,2.4,2.6,4.32,4.68
1010,158660.0,,,,,,,,,,
1011,122195.0,2.88,3.12,29.76,32.24,8.16,8.84,6.72,7.28,0.96,1.04
1012,140228.0,,,,,,,,,,
1013,147607.0,,,,,,,,,,
1014,159725.0,,,,,,,,,,
1015,154595.0,,,,,,,,,,
1016,33012.0,,,,,,,,,,
1017,127375.0,1.47,1.53,31.85,33.15,9.31,9.69,4.41,4.59,1.96,2.04
1018,144221.0,0.66,1.34,14.52,29.48,10.56,21.44,3.96,8.04,3.3,6.7
1019,159154.0,,,,,,,,,,
1020,154423.0,,,,,,,,,,
1021,100647.0,2.3,2.7,20.24,23.76,11.5,13.5,9.2,10.8,3.22,3.78
1022,118955.0,1.68,1.32,18.48,14.52,23.52,18.48,9.52,7.48,3.36,2.64
1023,134859.0,2.8,1.2,34.3,14.7,12.6,5.4,15.4,6.6,5.6,2.4
1024,137344.0,,,,,,,,,,
1025,155025.0,,,,,,,,,,
1026,153656.0,,,,,,,,,,
1027,125444.0,3.36,2.64,23.52,18.48,12.88,10.12,14.0,11.0,2.8,2.2
1028,136884.0,,,,,,,,,,
1029,144938.0,0.48,1.52,4.08,12.92,13.68,43.32,5.52,17.48,0.24,0.76
1030,159727.0,,,,,,,,,,
1031,135011.0,,,,,,,,,,
1032,129066.0,,,,,,,,,,
1033,154461.0,0.54,0.46,39.42,33.58,11.34,9.66,1.08,0.92,1.08,0.92
1034,127322.0,0.0,0.0,9.5,15.5,9.5,15.5,9.5,15.5,9.5,15.5
1035,153366.0,,,,,,,,,,
1036,13432.0,,,,,,,,,,
1037,158891.0,,,,,,,,,,
1038,154430.0,,,,,,,,,,
1039,153727.0,,,,,,,,,,
1040,154407.0,,,,,,,,,,
1041,168942.0,,,,,,,,,,
1042,159776.0,,,,,,,,,,
1043,149729.0,,,,,,,,,,
1044,156465.0,0.0,0.0,17.5,32.5,10.85,20.15,3.5,6.5,2.8,5.2
1045,162397.0,,,,,,,,,,
1046,24219.0,,,,,,,,,,
1047,144355.0,0.0,0.0,1.44,4.56,15.84,50.16,6.72,21.28,0.0,0.0
1048,140233.0,,,,,,,,,,
1049,201168.0,,,,,,,,,,
1050,119653.0,,,,,,,,,,
1051,143435.0,1.14,1.86,20.52,33.48,11.02,17.98,4.18,6.82,1.14,1.86
1052,164915.0,,,,,,,,,,
1053,127114.0,,,,,,,,,,
1054,164933.0,,,,,,,,,,
1055,143495.0,2.12,1.88,26.5,23.5,12.19,10.81,8.48,7.52,3.71,3.29
1056,144945.0,0.44,1.56,3.08,10.92,13.64,48.36,4.62,16.38,0.22,0.78
1057,157243.0,1.38,4.62,14.03,46.97,4.14,13.86,1.84,6.16,1.61,5.39
1058,137952.0,1.56,1.44,26.0,24.0,12.48,11.52,8.32,7.68,3.12,2.88
1059,104083.0,,,,,,,,,,
1060,139358.0,,,,,,,,,,
1061,159726.0,,,,,,,,,,
1062,163335.0,,,,,,,,,,
1063,149776.0,,,,,,,,,,
1064,105389.0,0.0,0.0,36.0,24.0,12.0,8.0,12.0,8.0,0.0,0.0
1065,143437.0,3.92,3.08,30.24,23.76,10.64,8.36,10.64,8.36,1.12,0.88
1066,155021.0,,,,,,,,,,
1067,197191.0,,,,,,,,,,
1068,129383.0,3.01,3.99,24.94,33.06,7.74,10.26,6.02,7.98,1.29,1.71
1069,206517.0,,,,,,,,,,
1070,186893.0,,,,,,,,,,
1071,53280.0,0.0,0.0,37.5,37.5,12.5,12.5,0.0,0.0,0.0,0.0
1072,137906.0,,,,,,,,,,
1073,159705.0,,,,,,,,,,
1074,143366.0,,,,,,,,,,
1075,158614.0,,,,,,,,,,
1076,167569.0,1.98,1.02,29.04,14.96,27.72,14.28,5.94,3.06,1.32,0.68
1077,152684.0,0.74,1.26,22.57,38.43,9.62,16.38,2.96,5.04,1.48,2.52
1078,163684.0,,,,,,,,,,
1079,134863.0,,,,,,,,,,
1080,157133.0,,,,,,,,,,
1081,137346.0,0.9,1.1,17.55,21.45,13.5,16.5,8.55,10.45,4.5,5.5
1082,120791.0,1.04,0.96,24.96,23.04,12.48,11.52,10.92,10.08,3.12,2.88
1083,158694.0,,,,,,,,,,
1084,75395.0,,,,,,,,,,
1085,156494.0,,,,,,,,,,
1086,119144.0,,,,,,,,,,
1087,145139.0,,,,,,,,,,
1088,149096.0,,,,,,,,,,
1089,101859.0,,,,,,,,,,
1090,158565.0,,,,,,,,,,
1091,147991.0,,,,,,,,,,
1092,157292.0,,,,,,,,,,
1093,78181.0,,,,,,,,,,
1094,154397.0,,,,,,,,,,
1095,144920.0,,,,,,,,,,
1096,197082.0,,,,,,,,,,
1097,158643.0,,,,,,,,,,
1098,154379.0,0.99,2.01,12.21,24.79,13.86,28.14,3.63,7.37,2.31,4.69
1099,154415.0,,,,,,,,,,
1100,162205.0,,,,,,,,,,
1101,151868.0,,,,,,,,,,
1102,125405.0,2.0,2.0,33.5,33.5,10.0,10.0,3.5,3.5,1.5,1.5
1103,144946.0,,,,,,,,,,
1104,148905.0,,,,,,,,,,
1105,142165.0,,,,,,,,,,
1106,164921.0,,,,,,,,,,
1107,184339.0,,,,,,,,,,
1108,17124.0,,,,,,,,,,
1109,153347.0,,,,,,,,,,
1110,142380.0,,,,,,,,,,
1111,137938.0,,,,,,,,,,
1112,147096.0,,,,,,,,,,
1113,36401.0,,,,,,,,,,
1114,145011.0,,,,,,,,,,
1115,149088.0,,,,,,,,,,
1116,114282.0,4.06,2.94,41.76,30.24,8.12,5.88,3.48,2.52,1.16,0.84
1117,170823.0,,,,,,,,,,
1118,156581.0,,,,,,,,,,
1119,130966.0,2.45,2.55,24.01,24.99,12.25,12.75,8.82,9.18,1.96,2.04
1120,132933.0,2.45,2.55,23.03,23.97,11.27,11.73,9.8,10.2,2.45,2.55
1121,152617.0,,,,,,,,,,
1122,140203.0,,,,,,,,,,
1123,113344.0,4.16,3.84,31.72,29.28,7.8,7.2,6.76,6.24,1.56,1.44
1124,133427.0,,,,,,,,,,
1125,158856.0,,,,,,,,,,
1126,155802.0,,,,,,,,,,
1127,63174.0,,,,,,,,,,
1128,50176.0,,,,,,,,,,
1129,74866.0,1.3,0.7,29.25,15.75,18.85,10.15,12.35,6.65,2.6,1.4
1130,65540.0,,,,,,,,,,
1131,119430.0,1.89,1.11,34.65,20.35,17.01,9.99,8.19,4.81,1.26,0.74
1132,58280.0,,,,,,,,,,
1133,68217.0,,,,,,,,,,
1134,122518.0,,,,,,,,,,
1135,144870.0,,,,,,,,,,
1136,180173.0,,,,,,,,,,
1137,156534.0,,,,,,,,,,
1138,52379.0,,,,,,,,,,
1139,158858.0,,,,,,,,,,
1140,119464.0,,,,,,,,,,
1141,154374.0,,,,,,,,,,
1142,140787.0,0.42,0.58,15.12,20.88,11.76,16.24,7.98,11.02,6.3,8.7
1143,124202.0,,,,,,,,,,
1144,72327.0,,,,,,,,,,
1145,184859.0,0.0,0.0,0.0,0.0,10.89,22.11,10.89,22.11,10.89,22.11
1146,154497.0,,,,,,,,,,
1147,144954.0,,,,,,,,,,
1148,121037.0,,,,,,,,,,
1149,149762.0,,,,,,,,,,
1150,203229.0,,,,,,,,,,
1151,119617.0,,,,,,,,,,
1152,27589.0,,,,,,,,,,
1153,75397.0,,,,,,,,,,
1154,98467.0,,,,,,,,,,
1155,125421.0,3.36,3.64,22.56,24.44,10.08,10.92,10.56,11.44,1.44,1.56
1156,102700.0,,,,,,,,,,
1157,144951.0,,,,,,,,,,
1158,155804.0,,,,,,,,,,
1159,158563.0,,,,,,,,,,
1160,98146.0,,,,,,,,,,
1161,165770.0,,,,,,,,,,
1162,155836.0,,,,,,,,,,
1163,109960.0,2.13,0.87,34.79,14.21,21.3,8.7,10.65,4.35,1.42,0.58
1164,154453.0,,,,,,,,,,
1165,131665.0,,,,,,,,,,
1166,200584.0,,,,,,,,,,
1167,103627.0,,,,,,,,,,
1168,145899.0,,,,,,,,,,
1169,141187.0,,,,,,,,,,
1170,162269.0,,,,,,,,,,
1171,114286.0,4.86,4.14,37.8,32.2,5.4,4.6,3.24,2.76,2.16,1.84
1172,110545.0,,,,,,,,,,
1173,67627.0,,,,,,,,,,
1174,114247.0,0.0,0.0,13.6,20.4,12.8,19.2,9.2,13.8,4.4,6.6
1175,151290.0,,,,,,,,,,
1176,184605.0,0.0,0.0,0.0,0.0,100.0,50.0,0.0,0.0,0.0,0.0
1177,137925.0,,,,,,,,,,
1178,156118.0,,,,,,,,,,
1179,93035.0,,,,,,,,,,
1180,28813.0,,,,,,,,,,
1181,146185.0,,,,,,,,,,
1182,147021.0,,,,,,,,,,
1183,149076.0,,,,,,,,,,
1184,133455.0,,,,,,,,,,
1185,146161.0,,,,,,,,,,
1186,191646.0,,,,,,,,,,
1187,154434.0,,,,,,,,,,
1188,155315.0,,,,,,,,,,
1189,140719.0,0.0,0.0,11.02,26.98,9.57,23.43,6.96,17.04,1.45,3.55
1190,125423.0,0.0,0.0,39.76,16.24,14.91,6.09,8.52,3.48,8.52,3.48
1191,149426.0,,,,,,,,,,
1192,155544.0,,,,,,,,,,
1193,124042.0,6.48,5.52,32.4,27.6,8.1,6.9,5.4,4.6,1.62,1.38
1194,142372.0,12.73,6.27,44.89,22.11,6.7,3.3,3.35,1.65,0.0,0.0
1195,115977.0,1.84,2.16,22.54,26.46,11.96,14.04,7.36,8.64,2.3,2.7
1196,130658.0,,,,,,,,,,
1197,128723.0,,,,,,,,,,
1198,84126.0,,,,,,,,,,
1199,154250.0,,,,,,,,,,
1200,167599.0,0.0,0.0,0.81,2.19,14.58,39.42,11.07,29.93,0.54,1.46
1201,172731.0,,,,,,,,,,
1202,10323.0,1.5,3.5,13.2,30.8,8.1,18.9,4.8,11.2,2.1,4.9
1203,136859.0,0.26,0.74,11.96,34.04,9.1,25.9,2.6,7.4,2.08,5.92
1204,167724.0,,,,,,,,,,
1205,106450.0,,,,,,,,,,
1206,84397.0,,,,,,,,,,
1207,137971.0,1.3,0.7,36.4,19.6,15.6,8.4,7.15,3.85,5.2,2.8
1208,151248.0,,,,,,,,,,
1209,114225.0,2.04,1.96,25.5,24.5,12.75,12.25,8.16,7.84,2.55,2.45
1210,65007.0,,,,,,,,,,
1211,98296.0,,,,,,,,,,
1212,118974.0,0.8,1.2,27.2,40.8,7.6,11.4,3.2,4.8,1.2,1.8
1213,112041.0,0.96,1.04,25.44,27.56,15.84,17.16,3.84,4.16,1.92,2.08
1214,48246.0,,,,,,,,,,
1215,149761.0,,,,,,,,,,
1216,154279.0,,,,,,,,,,
1217,114263.0,0.0,0.0,9.61,21.39,9.61,21.39,7.13,15.87,4.65,10.35
1218,74205.0,,,,,,,,,,
1219,76793.0,,,,,,,,,,
1220,100078.0,,,,,,,,,,
1221,146350.0,,,,,,,,,,
1222,122393.0,,,,,,,,,,
1223,127383.0,5.49,3.51,18.3,11.7,23.79,15.21,13.42,8.58,0.0,0.0
1224,149736.0,,,,,,,,,,
1225,64080.0,,,,,,,,,,
1226,36818.0,,,,,,,,,,
1227,149074.0,,,,,,,,,,
1228,151759.0,,,,,,,,,,
1229,156475.0,,,,,,,,,,
1230,196976.0,,,,,,,,,,
1231,189620.0,2.6,1.4,8.45,4.55,37.05,19.95,14.3,7.7,2.6,1.4
1232,52747.0,,,,,,,,,,
1233,78594.0,,,,,,,,,,
1234,312662.0,,,,,,,,,,
1235,72058.0,1.44,10.56,9.0,66.0,0.0,0.0,1.44,10.56,0.0,0.0
1236,10440.0,,,,,,,,,,
1237,35901.0,11.7,6.3,30.55,16.45,15.6,8.4,3.9,2.1,3.9,2.1
1238,150829.0,,,,,,,,,,
1239,152700.0,,,,,,,,,,
1240,109905.0,1.74,1.26,31.32,22.68,16.82,12.18,6.38,4.62,1.74,1.26
1241,38420.0,,,,,,,,,,
1242,31283.0,,,,,,,,,,
1243,49857.0,,,,,,,,,,
1244,137982.0,,,,,,,,,,
1245,74027.0,4.16,3.84,33.28,30.72,7.8,7.2,4.68,4.32,1.56,1.44
1246,40098.0,,,,,,,,,,
1247,181030.0,4.64,3.36,24.36,17.64,4.64,3.36,24.36,17.64,0.0,0.0
1248,19066.0,,,,,,,,,,
1249,91107.0,,,,,,,,,,
1250,146184.0,,,,,,,,,,
1251,134584.0,,,,,,,,,,
1252,142370.0,,,,,,,,,,
1253,144271.0,0.0,0.0,67.0,33.0,0.0,0.0,0.0,0.0,0.0,0.0
1254,119720.0,,,,,,,,,,
1255,68535.0,,,,,,,,,,
1256,83001.0,,,,,,,,,,
1257,80866.0,,,,,,,,,,
1258,158347.0,,,,,,,,,,
1259,154491.0,,,,,,,,,,
1260,61865.0,,,,,,,,,,
1261,37758.0,,,,,,,,,,
1262,129012.0,2.4,2.6,30.72,33.28,10.08,10.92,2.88,3.12,1.44,1.56
1263,103331.0,0.6,1.4,12.3,28.7,6.6,15.4,5.1,11.9,5.1,11.9
1264,124212.0,1.65,1.35,25.85,21.15,12.65,10.35,9.9,8.1,4.4,3.6
1265,171549.0,,,,,,,,,,
1266,67769.0,1.16,0.84,29.58,21.42,17.98,13.02,6.96,5.04,2.32,1.68
1267,99794.0,,,,,,,,,,
1268,87232.0,,,,,,,,,,
1269,73096.0,,,,,,,,,,
1270,153343.0,,,,,,,,,,
1271,129824.0,,,,,,,,,,
1272,151867.0,,,,,,,,,,
1273,130041.0,0.0,0.0,24.94,61.06,0.0,0.0,0.0,0.0,4.06,9.94
1274,152696.0,,,,,,,,,,
1275,136007.0,2.25,2.75,26.1,31.9,10.35,12.65,4.05,4.95,1.8,2.2
1276,144141.0,,,,,,,,,,
1277,149382.0,,,,,,,,,,
1278,118917.0,1.84,2.16,28.06,32.94,8.74,10.26,4.6,5.4,2.3,2.7
1279,154195.0,,,,,,,,,,
1280,103271.0,,,,,,,,,,
1281,133443.0,,,,,,,,,,
1282,109955.0,3.22,3.78,26.68,31.32,11.96,14.04,3.22,3.78,0.92,1.08
1283,10392.0,,,,,,,,,,
1284,31683.0,,,,,,,,,,
1285,105578.0,,,,,,,,,,
1286,73402.0,,,,,,,,,,
1287,133421.0,,,,,,,,,,
1288,143370.0,,,,,,,,,,
1289,193839.0,0.0,0.0,11.97,7.03,23.31,13.69,20.79,12.21,6.93,4.07
1290,104478.0,4.8,3.2,29.4,19.6,12.0,8.0,7.2,4.8,7.2,4.8
1291,149843.0,,,,,,,,,,
1292,149376.0,,,,,,,,,,
1293,129093.0,,,,,,,,,,
1294,166149.0,,,,,,,,,,
1295,127865.0,1.62,1.38,27.54,23.46,12.96,11.04,8.1,6.9,3.78,3.22
1296,147533.0,,,,,,,,,,
1297,102295.0,,,,,,,,,,
1298,146181.0,,,,,,,,,,
1299,97694.0,,,,,,,,,,
1300,18098.0,,,,,,,,,,
1301,134871.0,,,,,,,,,,
1302,141579.0,,,,,,,,,,
1303,130983.0,0.72,1.28,18.36,32.64,8.28,14.72,7.2,12.8,1.44,2.56
1304,134881.0,,,,,,,,,,
1305,156495.0,,,,,,,,,,
1306,129331.0,0.0,0.0,26.88,37.12,9.24,12.76,3.78,5.22,2.1,2.9
1307,129049.0,2.24,1.76,28.56,22.44,14.0,11.0,9.52,7.48,2.24,1.76
1308,122469.0,4.62,2.38,32.34,16.66,17.82,9.18,9.24,4.76,1.98,1.02
1309,52449.0,,,,,,,,,,
1310,65091.0,,,,,,,,,,
1311,148971.0,,,,,,,,,,
1312,192121.0,0.0,0.0,0.0,0.0,25.0,25.0,25.0,25.0,0.0,0.0
1313,106280.0,,,,,,,,,,
1314,50598.0,,,,,,,,,,
1315,162000.0,,,,,,,,,,
1316,106557.0,2.38,4.62,21.08,40.92,5.78,11.22,4.76,9.24,0.0,0.0
1317,129333.0,2.36,1.64,32.45,22.55,13.57,9.43,6.49,4.51,5.31,3.69
1318,95541.0,2.0,2.0,19.5,19.5,13.0,13.0,12.5,12.5,3.0,3.0
1319,172819.0,0.0,0.0,9.6,22.4,13.2,30.8,6.9,16.1,0.3,0.7
1320,117802.0,0.6,0.4,38.4,25.6,15.0,10.0,2.4,1.6,3.0,2.0
1321,177553.0,,,,,,,,,,
1322,154085.0,,,,,,,,,,
1323,40117.0,,,,,,,,,,
1324,96325.0,,,,,,,,,,
1325,184505.0,,,,,,,,,,
1326,149402.0,,,,,,,,,,
1327,143398.0,,,,,,,,,,
1328,122596.0,0.22,0.78,1.98,7.02,13.86,49.14,5.72,20.28,0.22,0.78
1329,118980.0,0.0,0.0,15.51,31.49,4.29,8.71,13.2,26.8,0.0,0.0
1330,127867.0,,,,,,,,,,
1331,90596.0,2.9,2.1,32.48,23.52,13.92,10.08,6.38,4.62,2.32,1.68
1332,15899.0,0.0,0.0,19.8,35.2,16.2,28.8,0.0,0.0,0.0,0.0
1333,14957.0,,,,,,,,,,
1334,89323.0,,,,,,,,,,
1335,127335.0,0.73,0.27,33.58,12.42,21.9,8.1,11.68,4.32,5.11,1.89
1336,103353.0,,,,,,,,,,
1337,69956.0,1.92,1.08,27.52,15.48,17.92,10.08,13.44,7.56,2.56,1.44
1338,86785.0,,,,,,,,,,
1339,107352.0,0.0,0.0,17.6,22.4,16.28,20.72,5.72,7.28,4.4,5.6
1340,79102.0,,,,,,,,,,
1341,160500.0,,,,,,,,,,
1342,132590.0,,,,,,,,,,
1343,149718.0,,,,,,,,,,
1344,154194.0,,,,,,,,,,
1345,142081.0,,,,,,,,,,
1346,105576.0,,,,,,,,,,
1347,79196.0,,,,,,,,,,
1348,118950.0,2.55,2.45,32.13,30.87,9.69,9.31,4.59,4.41,1.53,1.47
1349,19303.0,50.0,10.5,50.0,10.5,0.0,0.0,0.0,0.0,0.0,0.0
1350,18781.0,0.52,1.48,7.54,21.46,10.14,28.86,7.28,20.72,0.78,2.22
1351,103708.0,3.06,5.94,16.32,31.68,9.18,17.82,5.44,10.56,0.0,0.0
1352,143733.0,,,,,,,,,,
1353,73301.0,,,,,,,,,,
1354,32686.0,3.52,7.48,19.2,40.8,6.08,12.92,2.88,6.12,0.32,0.68
1355,120600.0,,,,,,,,,,
1356,101961.0,0.0,0.0,38.0,12.0,28.12,8.88,9.88,3.12,0.0,0.0
1357,30776.0,,,,,,,,,,
1358,88295.0,,,,,,,,,,
1359,94187.0,4.64,3.36,28.42,20.58,14.5,10.5,9.28,6.72,1.16,0.84
1360,89361.0,,,,,,,,,,
1361,73318.0,0.0,0.0,0.0,0.0,100.0,23.0,0.0,0.0,0.0,0.0
1362,112039.0,3.36,4.64,26.46,36.54,7.56,10.44,3.36,4.64,1.26,1.74
1363,101236.0,5.4,4.6,28.08,23.92,11.88,10.12,7.02,5.98,1.62,1.38
1364,117790.0,6.75,8.25,22.05,26.95,8.55,10.45,6.3,7.7,1.35,1.65
1365,105521.0,4.51,6.49,20.5,29.5,7.79,11.21,6.56,9.44,1.64,2.36
1366,88426.0,8.5,8.5,25.0,25.0,16.5,16.5,0.0,0.0,0.0,0.0
1367,122535.0,3.57,3.43,29.58,28.42,10.2,9.8,5.61,5.39,1.53,1.47
1368,154076.0,,,,,,,,,,
1369,120123.0,0.98,1.02,26.95,28.05,12.74,13.26,6.86,7.14,1.96,2.04
1370,93739.0,3.22,3.78,15.64,18.36,13.34,15.66,11.5,13.5,1.84,2.16
1371,108225.0,2.94,3.06,21.56,22.44,13.72,14.28,8.82,9.18,1.96,2.04
1372,177720.0,,,,,,,,,,
1373,112079.0,2.75,2.25,30.25,24.75,14.85,12.15,5.5,4.5,2.2,1.8
1374,32972.0,,,,,,,,,,
1375,93028.0,1.16,0.84,26.1,18.9,20.3,14.7,10.44,7.56,0.0,0.0
1376,72222.0,,,,,,,,,,
1377,40743.0,,,,,,,,,,
1378,42846.0,,,,,,,,,,
1379,44477.0,,,,,,,,,,
1380,51560.0,,,,,,,,,,
1381,76067.0,,,,,,,,,,
1382,80632.0,,,,,,,,,,
1383,99096.0,2.7,2.3,25.38,21.62,14.58,12.42,8.1,6.9,3.24,2.76
1384,158228.0,,,,,,,,,,
1385,61101.0,0.0,0.0,24.0,36.0,4.0,6.0,12.0,18.0,0.0,0.0
1386,137960.0,,,,,,,,,,
1387,137993.0,,,,,,,,,,
1388,126950.0,,,,,,,,,,
1389,92127.0,,,,,,,,,,
1390,80973.0,,,,,,,,,,
1391,80627.0,,,,,,,,,,
1392,76442.0,,,,,,,,,,
1393,109778.0,3.18,2.82,31.27,27.73,12.19,10.81,4.77,4.23,1.59,1.41
1394,143367.0,,,,,,,,,,
1395,154200.0,,,,,,,,,,
1396,87309.0,0.0,0.0,26.25,48.75,5.25,9.75,2.1,3.9,1.4,2.6
1397,114249.0,1.59,1.41,33.92,30.08,12.19,10.81,3.71,3.29,1.59,1.41
1398,165087.0,,,,,,,,,,
1399,88662.0,,,,,,,,,,
1400,136861.0,,,,,,,,,,
1401,127481.0,,,,,,,,,,
1402,114279.0,,,,,,,,,,
1403,190727.0,0.0,0.0,37.52,29.48,18.48,14.52,0.0,0.0,0.0,0.0
1404,109102.0,,,,,,,,,,
1405,122473.0,2.6,2.4,26.52,24.48,10.4,9.6,9.88,9.12,3.12,2.88
1406,134558.0,,,,,,,,,,
1407,49079.0,,,,,,,,,,
1408,94975.0,,,,,,,,,,
1409,127321.0,0.56,1.44,10.36,26.64,8.96,23.04,4.76,12.24,3.08,7.92
1410,122490.0,,,,,,,,,,
1411,154198.0,,,,,,,,,,
1412,102862.0,,,,,,,,,,
1413,37928.0,,,,,,,,,,
1414,146212.0,0.0,0.0,46.72,17.28,6.57,2.43,0.0,0.0,19.71,7.29
1415,21636.0,,,,,,,,,,
1416,41622.0,,,,,,,,,,
1417,42381.0,,,,,,,,,,
1418,198969.0,,,,,,,,,,
1419,101973.0,,,,,,,,,,
1420,42455.0,,,,,,,,,,
1421,71075.0,,,,,,,,,,
1422,25676.0,,,,,,,,,,
1423,109982.0,3.42,2.58,31.92,24.08,11.97,9.03,6.84,5.16,2.85,2.15
1424,74893.0,,,,,,,,,,
1425,195970.0,7.02,1.98,39.0,11.0,17.16,4.84,7.02,1.98,7.02,1.98
1426,110648.0,,,,,,,,,,
1427,126745.0,,,,,,,,,,
1428,125841.0,2.17,4.83,6.2,13.8,13.95,31.05,8.06,17.94,0.62,1.38
1429,154582.0,,,,,,,,,,
1430,72184.0,,,,,,,,,,
1431,76437.0,,,,,,,,,,
1432,45290.0,4.72,3.28,29.5,20.5,12.98,9.02,9.44,6.56,2.95,2.05
1433,140272.0,,,,,,,,,,
1434,118909.0,2.32,1.68,35.96,26.04,13.92,10.08,4.06,2.94,1.74,1.26
1435,37488.0,,,,,,,,,,
1436,46153.0,,,,,,,,,,
1437,72524.0,0.0,0.0,0.0,0.0,50.0,50.0,0.0,0.0,0.0,0.0
1438,38699.0,,,,,,,,,,
1439,31162.0,,,,,,,,,,
1440,83414.0,,,,,,,,,,
1441,10035.0,,,,,,,,,,
1442,178654.0,0.0,0.0,31.0,19.0,15.5,9.5,7.44,4.56,7.44,4.56
1443,164115.0,1.08,2.92,11.34,30.66,6.48,17.52,5.4,14.6,2.7,7.3
1444,82227.0,,,,,,,,,,
1445,113377.0,2.75,2.25,20.9,17.1,17.6,14.4,9.9,8.1,4.4,3.6
1446,10629.0,,,,,,,,,,
1447,75422.0,,,,,,,,,,
1448,13353.0,,,,,,,,,,
1449,28166.0,,,,,,,,,,
1450,69798.0,,,,,,,,,,
1451,188996.0,,,,,,,,,,
1452,95876.0,,,,,,,,,,
1453,38064.0,,,,,,,,,,
1454,103328.0,,,,,,,,,,
1455,71509.0,,,,,,,,,,
1456,178398.0,,,,,,,,,,
1457,194946.0,,,,,,,,,,
1458,12821.0,,,,,,,,,,
1459,125044.0,,,,,,,,,,
1460,93744.0,,,,,,,,,,
1461,154196.0,,,,,,,,,,
1462,130997.0,,,,,,,,,,
1463,109095.0,0.64,1.36,21.12,44.88,8.64,18.36,0.96,2.04,0.32,0.68
1464,16792.0,0.0,0.0,0.0,0.0,37.5,12.5,37.5,12.5,0.0,0.0
1465,149248.0,5.0,5.0,28.5,28.5,8.0,8.0,7.0,7.0,2.0,2.0
1466,109169.0,0.94,1.06,38.54,43.46,6.58,7.42,0.94,1.06,0.0,0.0
1467,99933.0,,,,,,,,,,
1468,100676.0,0.5,0.5,25.0,25.0,20.5,20.5,3.5,3.5,0.5,0.5
1469,94829.0,2.4,1.6,34.8,23.2,13.2,8.8,4.8,3.2,4.2,2.8
1470,134567.0,,,,,,,,,,
1471,137908.0,1.59,1.41,20.67,18.33,19.61,17.39,10.07,8.93,1.59,1.41
1472,113348.0,4.5,4.5,29.5,29.5,8.0,8.0,5.5,5.5,2.5,2.5
1473,118397.0,0.0,0.0,24.51,18.49,7.98,6.02,0.0,0.0,24.51,18.49
1474,99740.0,4.13,2.87,27.14,18.86,14.16,9.84,11.8,8.2,2.36,1.64
1475,97697.0,,,,,,,,,,
1476,191929.0,0.0,0.0,25.0,25.0,25.0,25.0,0.0,0.0,0.0,0.0
1477,92075.0,2.82,3.18,29.61,33.39,9.87,11.13,2.35,2.65,1.88,2.12
1478,73508.0,,,,,,,,,,
1479,52555.0,0.0,0.0,7.44,54.56,3.0,22.0,1.44,10.56,0.0,0.0
1480,90589.0,3.84,2.16,33.28,18.72,16.0,9.0,8.96,5.04,1.92,1.08
1481,88461.0,,,,,,,,,,
1482,79394.0,,,,,,,,,,
1483,66158.0,0.84,1.16,18.06,24.94,11.76,16.24,5.46,7.54,5.46,7.54
1484,91696.0,,,,,,,,,,
1485,92176.0,,,,,,,,,,
1486,29691.0,,,,,,,,,,
1487,118367.0,3.18,2.82,23.85,21.15,10.07,8.93,12.72,11.28,2.65,2.35
1488,29146.0,,,,,,,,,,
1489,34436.0,,,,,,,,,,
1490,39633.0,,,,,,,,,,
1491,71077.0,,,,,,,,,,
1492,10964.0,,,,,,,,,,
1493,34162.0,,,,,,,,,,
1494,148912.0,,,,,,,,,,
1495,12787.0,0.58,1.42,17.4,42.6,5.51,13.49,1.45,3.55,4.06,9.94
1496,86900.0,,,,,,,,,,
1497,125438.0,0.38,0.62,3.42,5.58,15.96,26.04,18.24,29.76,0.0,0.0
1498,137327.0,0.77,0.23,29.26,8.74,26.18,7.82,16.94,5.06,3.85,1.15
1499,39576.0,,,,,,,,,,
1500,39471.0,,,,,,,,,,
1501,155411.0,1.62,1.38,27.0,23.0,12.96,11.04,8.64,7.36,3.78,3.22
1502,160749.0,3.12,2.88,31.72,29.28,9.36,8.64,5.72,5.28,2.08,1.92
1503,162824.0,0.0,0.0,6.97,10.03,18.45,26.55,13.12,18.88,2.46,3.54
1504,184506.0,,,,,,,,,,
1505,62237.0,,,,,,,,,,
1506,96969.0,,,,,,,,,,
1507,115814.0,,,,,,,,,,
1508,158216.0,,,,,,,,,,
1509,12222.0,,,,,,,,,,
1510,17092.0,,,,,,,,,,
1511,38740.0,,,,,,,,,,
1512,91510.0,,,,,,,,,,
1513,35071.0,,,,,,,,,,
1514,125494.0,1.36,0.64,27.88,13.12,24.48,11.52,12.24,5.76,2.04,0.96
1515,68196.0,,,,,,,,,,
1516,32680.0,,,,,,,,,,
1517,31195.0,,,,,,,,,,
1518,195965.0,,,,,,,,,,
1519,97631.0,1.12,0.88,24.08,18.92,16.8,13.2,11.2,8.8,2.8,2.2
1520,72054.0,4.86,1.14,30.78,7.22,40.5,9.5,4.86,1.14,0.0,0.0
1521,18878.0,0.0,0.0,9.18,7.82,24.84,21.16,17.82,15.18,2.16,1.84
1522,91192.0,1.28,0.72,35.2,19.8,19.2,10.8,6.4,3.6,1.92,1.08
1523,17692.0,,,,,,,,,,
1524,18174.0,,,,,,,,,,
1525,168079.0,,,,,,,,,,
1526,85702.0,,,,,,,,,,
1527,103765.0,2.1,3.9,20.3,37.7,10.15,18.85,1.05,1.95,1.75,3.25
1528,82142.0,,,,,,,,,,
1529,76692.0,,,,,,,,,,
1530,97858.0,3.08,3.92,26.4,33.6,11.44,14.56,2.64,3.36,0.44,0.56
1531,75508.0,,,,,,,,,,
1532,56612.0,,,,,,,,,,
1533,61845.0,,,,,,,,,,
1534,46875.0,,,,,,,,,,
1535,83864.0,,,,,,,,,,
1536,46831.0,,,,,,,,,,
1537,151709.0,,,,,,,,,,
1538,31778.0,,,,,,,,,,
1539,70999.0,,,,,,,,,,
1540,81834.0,,,,,,,,,,
1541,65877.0,,,,,,,,,,
1542,84034.0,,,,,,,,,,
1543,184956.0,,,,,,,,,,
1544,86507.0,,,,,,,,,,
1545,29285.0,,,,,,,,,,
1546,51786.0,,,,,,,,,,
1547,190856.0,,,,,,,,,,
1548,97612.0,1.17,1.83,22.62,35.38,11.31,17.69,3.12,4.88,1.17,1.83
1549,113318.0,,,,,,,,,,
1550,81106.0,,,,,,,,,,
1551,72359.0,,,,,,,,,,
1552,80629.0,,,,,,,,,,
1553,66823.0,,,,,,,,,,
1554,189150.0,1.2,0.8,21.0,14.0,20.4,13.6,12.0,8.0,5.4,3.6
1555,100691.0,3.05,1.95,26.84,17.16,19.52,12.48,9.76,6.24,1.22,0.78
1556,43157.0,,,,,,,,,,
1557,103324.0,0.58,1.42,2.32,5.68,18.27,44.73,7.54,18.46,0.29,0.71
1558,36857.0,,,,,,,,,,
1559,32899.0,,,,,,,,,,
1560,191079.0,,,,,,,,,,
1561,95203.0,1.54,5.46,14.96,53.04,4.4,15.6,1.32,4.68,0.0,0.0
1562,185080.0,,,,,,,,,,
1563,11687.0,,,,,,,,,,
1564,78726.0,0.0,0.0,100.0,25.0,0.0,0.0,0.0,0.0,0.0,0.0
1565,124290.0,0.32,0.68,19.52,41.48,9.92,21.08,2.24,4.76,0.32,0.68
1566,88238.0,,,,,,,,,,
1567,166096.0,,,,,,,,,,
1568,83712.0,,,,,,,,,,
1569,86335.0,0.0,0.0,0.0,0.0,100.0,28.0,0.0,0.0,0.0,0.0
1570,32667.0,0.0,0.0,44.89,22.11,22.11,10.89,0.0,0.0,0.0,0.0
1571,78790.0,,,,,,,,,,
1572,10546.0,1.0,3.0,14.5,43.5,7.25,21.75,1.25,3.75,1.0,3.0
1573,89218.0,,,,,,,,,,
1574,31465.0,,,,,,,,,,
1575,11031.0,0.0,0.0,60.0,13.8,20.0,4.6,0.0,0.0,20.0,4.6
1576,119457.0,0.3,0.7,20.7,48.3,6.6,15.4,1.8,4.2,0.6,1.4
1577,99493.0,,,,,,,,,,
1578,12415.0,,,,,,,,,,
1579,51777.0,0.0,0.0,57.0,16.53,43.0,12.47,0.0,0.0,0.0,0.0
1580,25670.0,0.19,0.81,11.59,49.41,6.65,28.35,0.19,0.81,0.19,0.81
1581,98279.0,0.0,0.0,37.5,37.5,12.5,12.5,0.0,0.0,0.0,0.0
1582,73317.0,,,,,,,,,,
1583,95334.0,0.0,0.0,12.0,48.0,4.0,16.0,4.0,16.0,0.0,0.0
1584,12007.0,,,,,,,,,,
1585,11840.0,,,,,,,,,,
1586,179802.0,,,,,,,,,,
1587,88253.0,,,,,,,,,,
1588,109662.0,,,,,,,,,,
1589,41377.0,,,,,,,,,,
1590,36565.0,,,,,,,,,,
1591,107923.0,1.96,2.04,31.85,33.15,10.78,11.22,2.94,3.06,0.98,1.02
1592,65674.0,,,,,,,,,,
1593,102648.0,4.05,4.95,19.8,24.2,10.8,13.2,8.1,9.9,2.25,2.75
1594,119412.0,1.71,1.29,22.8,17.2,14.82,11.18,13.11,9.89,4.56,3.44
1595,12918.0,2.64,5.36,13.86,28.14,8.25,16.75,2.64,5.36,5.61,11.39
1596,85659.0,,,,,,,,,,
1597,93752.0,,,,,,,,,,
1598,20305.0,,,,,,,,,,
1599,81888.0,,,,,,,,,,
1600,88292.0,,,,,,,,,,
1601,129256.0,,,,,,,,,,
1602,10410.0,,,,,,,,,,
1603,16579.0,,,,,,,,,,
1604,62328.0,,,,,,,,,,
1605,38906.0,,,,,,,,,,
1606,31565.0,0.0,0.0,19.0,31.0,19.0,31.0,0.0,0.0,0.0,0.0
1607,17162.0,,,,,,,,,,
1608,30487.0,,,,,,,,,,
1609,37151.0,,,,,,,,,,
1610,101700.0,,,,,,,,,,
1611,76020.0,1.55,3.45,5.89,13.11,16.12,35.88,7.13,15.87,0.31,0.69
1612,100950.0,,,,,,,,,,
1613,95583.0,,,,,,,,,,
1614,37073.0,,,,,,,,,,
1615,66464.0,0.0,0.0,100.0,21.0,0.0,0.0,0.0,0.0,0.0,0.0
1616,175284.0,,,,,,,,,,
1617,28214.0,,,,,,,,,,
1618,78845.0,0.0,0.0,18.62,30.38,11.78,19.22,4.56,7.44,2.66,4.34
1619,30911.0,,,,,,,,,,
1620,31940.0,4.05,4.95,28.35,34.65,7.2,8.8,2.7,3.3,2.7,3.3
1621,73509.0,,,,,,,,,,
1622,53813.0,,,,,,,,,,
1623,204137.0,,,,,,,,,,
1624,10742.0,,,,,,,,,,
1625,84189.0,,,,,,,,,,
1626,73434.0,,,,,,,,,,
1627,47321.0,0.58,1.42,16.24,39.76,8.12,19.88,2.32,5.68,1.74,4.26
1628,37686.0,,,,,,,,,,
1629,96031.0,1.2,3.8,15.36,48.64,6.96,22.04,0.24,0.76,0.24,0.76
1630,23934.0,,,,,,,,,,
1631,17367.0,,,,,,,,,,
1632,38551.0,,,,,,,,,,
1633,72013.0,,,,,,,,,,
1634,31310.0,,,,,,,,,,
1635,18988.0,,,,,,,,,,
1636,85633.0,,,,,,,,,,
1637,64686.0,0.0,0.0,16.0,24.0,16.0,24.0,8.0,12.0,0.0,0.0
1638,45477.0,,,,,,,,,,
1639,89757.0,5.28,6.72,24.64,31.36,2.64,3.36,8.36,10.64,2.64,3.36
1640,66067.0,,,,,,,,,,
1641,52103.0,,,,,,,,,,
1642,95331.0,,,,,,,,,,
1643,74610.0,2.34,3.66,26.52,41.48,7.41,11.59,1.95,3.05,0.78,1.22
1644,52515.0,4.08,3.92,30.09,28.91,11.73,11.27,3.06,2.94,2.04,1.96
1645,51132.0,,,,,,,,,,
1646,169643.0,0.19,0.81,0.76,3.24,10.64,45.36,6.84,29.16,0.38,1.62
1647,33332.0,,,,,,,,,,
1648,10300.0,,,,,,,,,,
1649,19074.0,,,,,,,,,,
1650,10065.0,,,,,,,,,,
1651,69991.0,,,,,,,,,,
1652,43500.0,,,,,,,,,,
1653,63852.0,,,,,,,,,,
1654,52290.0,,,,,,,,,,
1655,87311.0,,,,,,,,,,
1656,68695.0,,,,,,,,,,
1657,82428.0,,,,,,,,,,
1658,40041.0,,,,,,,,,,
1659,150688.0,0.44,1.56,1.98,7.02,12.1,42.9,7.04,24.96,0.44,1.56
1660,39809.0,9.94,4.06,40.47,16.53,20.59,8.41,0.0,0.0,0.0,0.0
1661,14397.0,,,,,,,,,,
1662,34076.0,,,,,,,,,,
1663,66091.0,4.48,9.52,18.88,40.12,2.88,6.12,3.52,7.48,2.24,4.76
1664,151259.0,,,,,,,,,,
1665,82283.0,0.0,0.0,25.0,4.5,50.0,9.0,25.0,4.5,0.0,0.0
1666,62586.0,11.9,5.1,33.6,14.4,19.6,8.4,1.4,0.6,2.8,1.2
1667,37439.0,0.0,0.0,26.13,12.87,22.11,10.89,11.39,5.61,7.37,3.63
1668,43513.0,,,,,,,,,,
1669,65769.0,,,,,,,,,,
1670,52541.0,,,,,,,,,,
1671,62175.0,,,,,,,,,,
1672,117788.0,,,,,,,,,,
1673,61503.0,,,,,,,,,,
1674,85141.0,0.0,0.0,50.0,16.5,50.0,16.5,0.0,0.0,0.0,0.0
1675,77197.0,,,,,,,,,,
1676,38835.0,,,,,,,,,,
1677,36839.0,,,,,,,,,,
1678,39345.0,,,,,,,,,,
1679,198962.0,,,,,,,,,,
1680,36044.0,,,,,,,,,,
1681,104426.0,2.32,1.68,43.5,31.5,9.86,7.14,1.16,0.84,1.74,1.26
1682,92070.0,,,,,,,,,,
1683,66584.0,,,,,,,,,,
1684,76377.0,,,,,,,,,,
1685,56058.0,,,,,,,,,,
1686,31269.0,,,,,,,,,,
1687,73018.0,,,,,,,,,,
1688,74309.0,,,,,,,,,,
1689,86381.0,,,,,,,,,,
1690,42493.0,,,,,,,,,,
1691,13500.0,,,,,,,,,,
1692,52506.0,,,,,,,,,,
1693,57488.0,,,,,,,,,,
1694,69689.0,,,,,,,,,,
1695,33759.0,,,,,,,,,,
1696,52551.0,,,,,,,,,,
1697,76454.0,,,,,,,,,,
1698,62560.0,,,,,,,,,,
1699,10519.0,,,,,,,,,,
1700,27544.0,,,,,,,,,,
1701,97692.0,1.05,1.95,8.05,14.95,15.75,29.25,9.45,17.55,0.7,1.3
1702,123630.0,1.89,1.11,28.35,16.65,20.16,11.84,11.34,6.66,1.89,1.11
1703,17159.0,2.3,2.7,25.76,30.24,12.42,14.58,5.52,6.48,0.46,0.54
1704,36343.0,,,,,,,,,,
1705,142458.0,,,,,,,,,,
1706,88244.0,,,,,,,,,,
1707,87308.0,,,,,,,,,,
1708,66253.0,,,,,,,,,,
1709,109193.0,1.32,2.68,9.9,20.1,10.23,20.77,10.89,22.11,0.99,2.01
1710,132626.0,0.5,1.5,4.5,13.5,12.25,36.75,7.5,22.5,0.25,0.75
1711,39857.0,,,,,,,,,,
1712,34522.0,,,,,,,,,,
1713,68587.0,,,,,,,,,,
1714,10980.0,,,,,,,,,,
1715,63159.0,,,,,,,,,,
1716,49728.0,,,,,,,,,,
1717,56227.0,,,,,,,,,,
1718,10002.0,0.9,1.1,27.45,33.55,8.1,9.9,7.2,8.8,0.9,1.1
1719,67768.0,,,,,,,,,,
1720,77128.0,,,,,,,,,,
1721,83546.0,,,,,,,,,,
1722,35273.0,,,,,,,,,,
1723,59075.0,1.74,1.26,24.36,17.64,12.76,9.24,16.24,11.76,3.48,2.52
1724,39676.0,,,,,,,,,,
1725,38738.0,,,,,,,,,,
1726,52245.0,,,,,,,,,,
1727,53307.0,,,,,,,,,,
1728,38836.0,,,,,,,,,,
1729,176008.0,,,,,,,,,,
1730,61061.0,,,,,,,,,,
1731,26679.0,,,,,,,,,,
1732,69940.0,,,,,,,,,,
1733,79566.0,,,,,,,,,,
1734,78160.0,,,,,,,,,,
1735,86801.0,,,,,,,,,,
1736,74632.0,,,,,,,,,,
1737,87301.0,,,,,,,,,,
1738,43151.0,,,,,,,,,,
1739,10004.0,,,,,,,,,,
1740,43838.0,,,,,,,,,,
1741,60488.0,,,,,,,,,,
1742,42810.0,,,,,,,,,,
1743,10003.0,0.0,0.0,23.4,21.6,27.04,24.96,1.56,1.44,0.0,0.0
1744,73411.0,,,,,,,,,,
1745,46869.0,,,,,,,,,,
1746,50583.0,,,,,,,,,,
1747,51700.0,,,,,,,,,,
1748,80219.0,0.0,0.0,13.16,14.84,23.5,26.5,6.58,7.42,3.76,4.24
1749,38347.0,,,,,,,,,,
1750,151889.0,,,,,,,,,,
1751,118966.0,0.0,0.0,0.88,3.12,13.42,47.58,7.26,25.74,0.22,0.78
1752,77761.0,,,,,,,,,,
1753,158217.0,,,,,,,,,,
1754,154462.0,,,,,,,,,,
1755,176630.0,,,,,,,,,,
1756,31307.0,,,,,,,,,,
1757,128162.0,,,,,,,,,,
1758,88470.0,,,,,,,,,,
1759,92069.0,2.04,0.96,35.36,16.64,16.32,7.68,10.88,5.12,2.72,1.28
1760,142201.0,0.0,0.0,67.0,10.05,0.0,0.0,0.0,0.0,33.0,4.95
1761,52528.0,,,,,,,,,,
1762,33422.0,,,,,,,,,,
1763,76651.0,0.31,0.69,2.17,4.83,19.53,43.47,8.37,18.63,0.62,1.38
1764,70251.0,,,,,,,,,,
1765,64354.0,,,,,,,,,,
1766,68944.0,,,,,,,,,,
1767,61060.0,,,,,,,,,,
1768,115316.0,,,,,,,,,,
1769,28795.0,,,,,,,,,,
1770,100643.0,3.08,3.92,25.96,33.04,7.48,9.52,5.72,7.28,1.76,2.24
1771,75129.0,,,,,,,,,,
1772,31159.0,,,,,,,,,,
1773,17173.0,0.0,0.0,18.48,14.52,34.16,26.84,3.36,2.64,0.0,0.0
1774,95328.0,,,,,,,,,,
1775,197870.0,,,,,,,,,,
1776,37937.0,0.29,0.71,8.7,21.3,6.96,17.04,4.06,9.94,8.7,21.3
1777,108776.0,,,,,,,,,,
1778,32240.0,,,,,,,,,,
1779,49336.0,2.56,5.44,19.2,40.8,4.8,10.2,3.2,6.8,2.56,5.44
1780,132611.0,,,,,,,,,,
1781,97826.0,,,,,,,,,,
1782,134318.0,,,,,,,,,,
1783,42253.0,,,,,,,,,,
1784,204164.0,,,,,,,,,,
1785,39708.0,,,,,,,,,,
1786,38898.0,,,,,,,,,,
1787,94170.0,,,,,,,,,,
1788,93930.0,,,,,,,,,,
1789,71499.0,,,,,,,,,,
1790,51918.0,,,,,,,,,,
1791,168402.0,,,,,,,,,,
1792,81243.0,,,,,,,,,,
1793,121310.0,,,,,,,,,,
1794,29102.0,,,,,,,,,,
1795,46752.0,,,,,,,,,,
1796,11300.0,,,,,,,,,,
1797,26677.0,,,,,,,,,,
1798,46753.0,,,,,,,,,,
1799,87556.0,0.0,0.0,30.36,13.64,38.64,17.36,0.0,0.0,0.0,0.0
1800,30786.0,,,,,,,,,,
1801,74451.0,,,,,,,,,,
1802,82014.0,,,,,,,,,,
1803,40211.0,,,,,,,,,,
1804,102241.0,,,,,,,,,,
1805,154212.0,,,,,,,,,,
1806,86843.0,0.0,0.0,20.59,50.41,8.41,20.59,0.0,0.0,0.0,0.0
1807,52553.0,2.05,2.95,27.47,39.53,8.61,12.39,2.05,2.95,1.23,1.77
1808,17458.0,,,,,,,,,,
1809,34225.0,10.89,22.11,22.11,44.89,0.0,0.0,0.0,0.0,0.0,0.0
1810,68437.0,,,,,,,,,,
1811,72062.0,,,,,,,,,,
1812,39846.0,,,,,,,,,,
1813,18865.0,,,,,,,,,,
1814,31068.0,,,,,,,,,,
1815,29712.0,,,,,,,,,,
1816,43574.0,,,,,,,,,,
1817,36755.0,,,,,,,,,,
1818,91505.0,,,,,,,,,,
1819,72043.0,,,,,,,,,,
1820,77566.0,,,,,,,,,,
1821,38227.0,2.4,2.6,32.64,35.36,7.2,7.8,3.36,3.64,2.4,2.6
1822,74567.0,,,,,,,,,,
1823,38572.0,,,,,,,,,,
