,code,spa_10s_npa_10s,spa_20s_npa_20s,spa_30s_npa_30s,spa_40s_npa_40s,spa_50s_npa_50s
0,,,,,,
1,,,,,,
2,181925.0,0.17,3.41,2.45,1.32,0.78
3,,,,,,
4,,,,,,
5,197517.0,0.0,9.0,0.0,0.0,0.0
6,155356.0,0.57,5.72,1.73,0.9,0.34
7,168668.0,0.0,3.46,2.04,1.04,2.35
8,,,,,,
9,,,,,,
10,143776.0,0.0,3.42,2.79,1.5,1.05
11,168735.0,0.0,2.97,1.59,2.46,1.87
12,142683.0,0.1,3.81,2.49,1.36,1.18
13,,,,,,
14,167675.0,0.0,0.0,1.0,0.0,0.0
15,151241.0,0.28,2.92,2.26,0.62,1.08
16,154667.0,0.3,4.34,2.74,1.46,0.45
17,164269.0,0.0,0.0,4.96,2.41,0.0
18,159366.0,0.23,3.02,2.99,1.19,0.26
19,162874.0,0.0,2.31,3.04,1.38,0.57
20,158180.0,0.28,4.3,2.29,1.75,0.65
21,167638.0,0.37,4.79,2.16,1.23,0.52
22,180209.0,0.1,2.35,2.46,1.5,0.68
23,161834.0,0.0,5.0,4.5,0.0,0.0
24,172454.0,0.39,4.7,1.6,0.6,0.22
25,158112.0,0.36,3.13,1.38,1.03,0.43
26,167651.0,0.19,3.54,2.77,1.91,0.71
27,164192.0,0.18,4.46,2.24,1.26,0.56
28,,,,,,
29,143422.0,2.0,4.0,2.5,0.0,0.0
30,130811.0,5.0,2.5,0.0,1.0,0.0
31,,,,,,
32,168749.0,0.82,5.3,1.71,0.34,0.19
33,142210.0,0.0,2.23,1.13,1.96,1.42
34,159892.0,0.28,4.66,2.12,1.4,0.53
35,164150.0,0.0,0.0,0.0,2.0,0.0
36,158191.0,0.38,4.08,2.42,1.69,0.65
37,,,,,,
38,142255.0,0.08,3.49,2.21,1.12,0.47
39,,,,,,
40,,,,,,
41,,,,,,
42,179338.0,0.0,0.0,0.0,9.0,0.0
43,190244.0,0.0,6.7,3.3,0.0,0.0
44,,,,,,
45,,,,,,
46,177332.0,0.0,2.97,2.81,0.0,2.81
47,188765.0,0.72,0.72,3.96,1.89,0.9
48,,,,,,
49,182348.0,0.37,3.63,3.02,1.06,0.98
50,,,,,,
51,181114.0,1.25,4.63,1.42,0.74,0.34
52,183854.0,0.09,3.34,2.72,1.92,0.82
53,,,,,,
54,,,,,,
55,,,,,,
56,,,,,,
57,,,,,,
58,191633.0,0.4,1.58,3.6,2.65,0.24
59,,,,,,
60,,,,,,
61,,,,,,
62,189141.0,0.58,4.44,2.21,1.25,0.54
63,192146.0,0.0,2.97,2.31,2.64,0.0
64,,,,,,
65,,,,,,
66,,,,,,
67,,,,,,
68,,,,,,
69,10676.0,0.0,3.43,2.48,1.67,0.92
70,,,,,,
71,,,,,,
72,,,,,,
73,,,,,,
74,164956.0,0.0,6.64,1.36,0.0,0.0
75,,,,,,
76,,,,,,
77,,,,,,
78,,,,,,
79,96984.0,0.0,9.0,0.0,0.0,0.0
80,95473.0,0.0,5.0,0.0,0.0,0.0
81,,,,,,
82,,,,,,
83,168019.0,0.32,5.04,1.2,0.0,1.04
84,159863.0,1.08,3.98,1.71,0.12,0.0
85,,,,,,
86,,,,,,
87,179399.0,0.0,5.0,3.5,0.0,0.0
88,185150.0,0.0,7.26,1.3,0.49,0.0
89,171455.0,0.0,3.5,0.17,2.64,0.0
90,180385.0,5.03,2.97,0.0,0.0,0.0
91,174530.0,0.0,2.02,3.63,2.73,1.2
92,,,,,,
93,,,,,,
94,199406.0,0.0,4.0,0.0,1.6,2.0
95,,,,,,
96,179307.0,0.38,4.9,2.23,0.92,0.45
97,177508.0,0.0,3.57,3.03,0.66,0.44
98,,,,,,
99,175393.0,0.12,2.26,2.44,1.7,0.76
100,189001.0,0.18,4.37,2.42,1.08,0.79
101,166092.0,0.26,2.73,1.66,1.29,0.58
102,193970.0,2.5,2.5,4.0,0.0,0.0
103,,,,,,
104,,,,,,
105,154672.0,0.09,0.81,4.86,2.68,0.17
106,,,,,,
107,191677.0,0.0,5.03,0.0,0.0,2.64
108,,,,,,
109,191585.0,0.0,4.46,2.87,0.0,0.0
110,,,,,,
111,,,,,,
112,180025.0,0.12,2.54,2.09,2.16,0.42
113,152385.0,0.35,4.43,1.8,1.24,0.5
114,153620.0,0.44,4.72,1.57,0.41,0.37
115,,,,,,
116,,,,,,
117,179875.0,0.08,3.01,2.5,1.83,0.79
118,198754.0,0.0,1.7,4.67,1.7,1.36
119,181704.0,0.08,3.46,3.43,0.92,0.91
120,,,,,,
121,,,,,,
122,,,,,,
123,,,,,,
124,,,,,,
125,,,,,,
126,,,,,,
127,159866.0,0.23,2.67,2.83,2.0,0.47
128,185933.0,0.15,1.97,1.75,1.86,0.69
129,,,,,,
130,,,,,,
131,,,,,,
132,,,,,,
133,,,,,,
134,,,,,,
135,,,,,,
136,192624.0,0.0,6.25,1.2,0.0,0.72
137,,,,,,
138,,,,,,
139,,,,,,
140,172118.0,0.1,0.56,5.0,3.12,0.17
141,,,,,,
142,,,,,,
143,,,,,,
144,,,,,,
145,,,,,,
146,,,,,,
147,,,,,,
148,,,,,,
149,,,,,,
150,,,,,,
151,,,,,,
152,162148.0,0.0,4.77,1.71,0.9,1.44
153,154508.0,0.33,4.0,2.73,0.92,0.08
154,168405.0,0.56,3.92,0.84,1.77,0.31
155,159805.0,0.07,2.82,2.33,1.16,0.56
156,187366.0,0.0,0.47,5.77,1.6,0.0
157,,,,,,
158,189260.0,0.33,3.68,1.56,1.05,0.49
159,,,,,,
160,,,,,,
161,,,,,,
162,,,,,,
163,,,,,,
164,,,,,,
165,,,,,,
166,,,,,,
167,140656.0,0.0,3.0,1.67,1.67,1.13
168,,,,,,
169,,,,,,
170,,,,,,
171,,,,,,
172,,,,,,
173,170860.0,0.0,0.0,0.0,8.0,0.0
174,,,,,,
175,168045.0,0.0,2.56,3.56,1.15,1.46
176,182360.0,0.49,4.18,2.07,2.09,0.64
177,96951.0,0.0,2.76,2.24,1.28,0.51
178,181381.0,0.09,2.81,2.82,2.03,1.04
179,179482.0,0.39,4.2,2.78,1.33,0.52
180,185838.0,0.18,3.35,2.76,1.14,0.54
181,178544.0,0.33,3.03,2.28,1.61,0.66
182,196570.0,0.0,5.0,0.0,4.5,0.0
183,,,,,,
184,,,,,,
185,,,,,,
186,,,,,,
187,180390.0,0.16,3.75,2.45,1.44,0.7
188,,,,,,
189,178526.0,0.29,3.46,2.43,2.0,0.8
190,154029.0,0.1,3.75,3.26,1.07,0.85
191,189000.0,0.35,4.16,2.61,1.06,0.75
192,,,,,,
193,76960.0,0.0,2.83,3.29,1.76,0.7
194,,,,,,
195,,,,,,
196,,,,,,
197,,,,,,
198,,,,,,
199,,,,,,
200,,,,,,
201,,,,,,
202,,,,,,
203,186613.0,0.46,4.54,2.06,1.34,0.82
204,,,,,,
205,,,,,,
206,,,,,,
207,,,,,,
208,,,,,,
209,187349.0,0.24,2.8,1.84,2.17,0.89
210,,,,,,
211,,,,,,
212,183110.0,0.14,3.28,2.24,1.68,0.68
213,,,,,,
214,,,,,,
215,,,,,,
216,,,,,,
217,85578.0,0.07,2.92,1.62,0.95,0.4
218,174807.0,0.1,3.14,3.65,0.56,0.55
219,175365.0,0.0,0.67,5.56,1.39,0.0
220,177975.0,0.0,0.0,0.0,9.0,0.0
221,154986.0,0.0,5.13,2.87,0.0,0.0
222,,,,,,
223,,,,,,
224,,,,,,
225,,,,,,
226,,,,,,
227,,,,,,
228,177510.0,0.5,3.34,0.84,0.24,0.14
229,190447.0,0.0,1.2,6.2,2.5,0.0
230,,,,,,
231,181046.0,2.0,5.6,1.4,0.0,0.0
232,159070.0,0.07,2.31,1.63,1.79,1.57
233,,,,,,
234,174294.0,0.0,4.31,0.9,1.8,1.53
235,164104.0,0.58,6.1,2.62,0.29,0.08
236,,,,,,
237,,,,,,
238,,,,,,
239,189537.0,0.21,2.69,2.52,1.03,0.57
240,,,,,,
241,177374.0,0.46,3.66,2.1,2.02,1.01
242,169078.0,0.36,3.31,1.83,1.2,0.75
243,,,,,,
244,,,,,,
245,186821.0,0.2,3.65,2.53,1.18,0.84
246,182355.0,0.18,3.75,2.67,1.63,0.52
247,,,,,,
248,,,,,,
249,,,,,,
250,,,,,,
251,,,,,,
252,,,,,,
253,190720.0,0.0,3.62,3.44,0.62,1.1
254,,,,,,
255,,,,,,
256,,,,,,
257,,,,,,
258,,,,,,
259,,,,,,
260,,,,,,
261,176306.0,0.09,2.84,3.39,1.48,0.67
262,74407.0,0.47,5.25,1.98,0.34,0.32
263,,,,,,
264,,,,,,
265,189712.0,0.0,0.0,5.0,0.0,0.0
266,,,,,,
267,,,,,,
268,,,,,,
269,,,,,,
270,,,,,,
271,,,,,,
272,177509.0,0.08,1.97,2.22,2.45,0.83
273,127858.0,0.37,4.73,2.25,1.37,0.0
274,,,,,,
275,39640.0,1.45,4.19,2.12,1.31,0.18
276,,,,,,
277,,,,,,
278,,,,,,
279,,,,,,
280,,,,,,
281,183876.0,0.17,3.29,2.68,1.93,0.59
282,,,,,,
283,185131.0,0.39,4.0,2.68,2.27,0.4
284,,,,,,
285,,,,,,
286,172113.0,0.99,5.2,1.19,1.35,0.36
287,175318.0,1.39,4.49,1.29,1.05,0.28
288,,,,,,
289,,,,,,
290,,,,,,
291,,,,,,
292,146534.0,0.1,2.77,3.1,2.49,1.05
293,165022.0,0.1,3.78,2.54,1.4,1.28
294,154419.0,0.1,4.09,2.39,0.8,0.54
295,,,,,,
296,,,,,,
297,,,,,,
298,182387.0,0.58,5.45,2.27,0.51,0.41
299,189053.0,0.1,4.19,2.47,1.31,0.68
300,190026.0,0.24,4.37,3.21,0.9,0.9
301,,,,,,
302,,,,,,
303,,,,,,
304,,,,,,
305,173653.0,0.1,2.66,3.34,2.84,0.88
306,179430.0,1.12,5.4,1.08,0.32,0.0
307,132946.0,0.1,3.7,2.91,1.72,0.29
308,,,,,,
309,130267.0,0.0,0.0,5.0,5.0,0.0
310,,,,,,
311,,,,,,
312,,,,,,
313,,,,,,
314,,,,,,
315,164172.0,0.55,4.6,1.83,1.36,0.52
316,180381.0,1.73,4.51,0.9,1.21,0.19
317,,,,,,
318,,,,,,
319,,,,,,
320,,,,,,
321,182205.0,0.18,4.18,2.68,1.09,0.4
322,175404.0,0.0,3.99,2.26,0.64,0.35
323,,,,,,
324,,,,,,
325,180374.0,0.19,1.54,3.96,3.13,0.26
326,177381.0,0.62,2.7,2.03,1.85,0.0
327,,,,,,
328,174797.0,0.0,3.85,2.7,1.52,1.14
329,189111.0,0.0,1.52,3.44,1.99,2.27
330,,,,,,
331,,,,,,
332,,,,,,
333,182014.0,0.12,5.01,1.99,0.47,0.14
334,188056.0,0.09,3.8,3.64,0.97,0.43
335,175316.0,0.16,2.85,2.74,2.11,0.51
336,164968.0,0.0,8.0,0.0,0.0,0.0
337,164155.0,0.29,2.74,2.32,2.16,0.37
338,,,,,,
339,,,,,,
340,,,,,,
341,,,,,,
342,,,,,,
343,154298.0,0.0,4.03,2.64,1.06,1.03
344,142266.0,0.4,3.35,1.08,1.68,1.14
345,,,,,,
346,,,,,,
347,,,,,,
348,,,,,,
349,,,,,,
350,179158.0,0.3,3.11,2.35,1.46,0.66
351,187526.0,0.1,2.59,2.78,1.81,1.03
352,,,,,,
353,,,,,,
354,,,,,,
355,142699.0,0.35,5.28,1.71,0.88,0.45
356,,,,,,
357,,,,,,
358,,,,,,
359,,,,,,
360,,,,,,
361,,,,,,
362,,,,,,
363,,,,,,
364,174301.0,0.18,4.58,3.24,0.89,0.26
365,,,,,,
366,150637.0,0.23,3.45,2.1,1.71,0.75
367,140696.0,0.37,3.52,1.63,0.88,0.21
368,181912.0,1.07,4.85,1.84,0.65,0.59
369,168086.0,0.0,0.28,4.56,3.67,0.0
370,,,,,,
371,,,,,,
372,,,,,,
373,171750.0,0.14,1.58,0.84,2.46,0.0
374,167374.0,0.28,3.92,3.04,0.32,0.72
375,,,,,,
376,,,,,,
377,,,,,,
378,,,,,,
379,162173.0,0.19,3.31,3.15,2.18,0.66
380,146506.0,0.29,2.85,1.9,1.69,0.54
381,121303.0,0.0,9.0,0.0,0.0,0.0
382,137008.0,0.23,2.19,1.08,0.7,0.27
383,154112.0,0.26,4.63,1.97,0.92,0.37
384,134895.0,0.44,3.65,1.85,1.81,0.5
385,144280.0,0.25,3.45,1.97,1.88,0.5
386,146469.0,0.38,4.21,2.39,1.74,0.55
387,127382.0,0.42,4.24,1.89,1.67,0.44
388,142384.0,0.28,3.82,2.17,1.94,0.62
389,146530.0,0.0,4.35,4.06,0.28,0.32
390,,,,,,
391,143473.0,0.46,5.49,1.49,0.95,0.25
392,142304.0,0.0,3.49,3.45,1.63,0.93
393,175040.0,0.27,2.64,4.77,0.3,1.08
394,,,,,,
395,174627.0,0.0,3.0,2.0,1.5,0.0
396,144266.0,0.17,3.65,2.18,1.37,0.64
397,,,,,,
398,,,,,,
399,,,,,,
400,154270.0,0.72,3.36,2.12,1.2,1.0
401,,,,,,
402,,,,,,
403,,,,,,
404,149059.0,0.2,3.63,2.84,1.33,0.34
405,164139.0,0.28,3.26,2.76,2.19,0.35
406,10922.0,0.16,6.09,2.18,0.53,0.16
407,,,,,,
408,,,,,,
409,,,,,,
410,,,,,,
411,,,,,,
412,,,,,,
413,,,,,,
414,146508.0,0.18,4.41,1.91,1.09,0.86
415,160721.0,0.49,6.67,1.33,0.17,0.09
416,141206.0,0.14,3.19,1.73,1.65,0.69
417,157974.0,0.2,2.63,2.27,2.17,0.0
418,63969.0,0.0,3.6,1.6,2.0,1.8
419,,,,,,
420,,,,,,
421,168298.0,0.28,5.26,2.31,0.78,0.26
422,,,,,,
423,140652.0,0.66,5.75,1.48,0.78,0.26
424,,,,,,
425,,,,,,
426,,,,,,
427,,,,,,
428,,,,,,
429,,,,,,
430,146524.0,0.35,4.57,1.78,1.15,0.41
431,153652.0,0.56,5.32,1.68,1.13,0.34
432,120165.0,0.16,4.49,1.9,1.18,0.58
433,,,,,,
434,,,,,,
435,,,,,,
436,,,,,,
437,,,,,,
438,167105.0,0.27,4.6,2.21,1.08,0.43
439,,,,,,
440,,,,,,
441,,,,,,
442,164173.0,0.42,3.33,1.56,1.09,0.67
443,165748.0,0.23,2.98,2.13,1.68,0.43
444,,,,,,
445,,,,,,
446,,,,,,
447,159716.0,0.0,6.29,2.0,0.5,0.0
448,164151.0,0.24,3.94,2.02,1.57,0.57
449,,,,,,
450,10101.0,2.5,2.5,4.75,0.0,0.0
451,148946.0,0.0,0.89,4.34,1.94,0.2
452,159877.0,0.11,2.48,1.89,1.41,0.47
453,155716.0,0.37,4.89,1.74,0.99,0.41
454,,,,,,
455,,,,,,
456,,,,,,
457,,,,,,
458,,,,,,
459,,,,,,
460,,,,,,
461,,,,,,
462,159848.0,0.18,3.68,2.27,1.03,1.54
463,159146.0,0.0,2.33,4.22,0.8,1.51
464,145292.0,0.55,6.38,1.11,0.5,0.26
465,,,,,,
466,167099.0,0.13,3.65,2.23,0.96,0.37
467,92125.0,0.3,2.89,2.57,1.95,1.38
468,,,,,,
469,,,,,,
470,,,,,,
471,,,,,,
472,,,,,,
473,,,,,,
474,,,,,,
475,144215.0,0.08,4.52,1.89,1.12,0.42
476,,,,,,
477,,,,,,
478,,,,,,
479,31801.0,0.96,4.15,1.9,1.14,1.08
480,154625.0,0.0,4.52,2.69,1.1,0.18
481,168172.0,0.0,4.73,3.3,0.81,0.15
482,159747.0,0.4,1.43,3.78,0.5,2.66
483,,,,,,
484,,,,,,
485,83528.0,0.0,4.5,3.17,1.2,0.0
486,172798.0,0.0,0.9,5.53,2.65,0.0
487,,,,,,
488,169899.0,0.0,0.0,2.0,2.0,4.5
489,160009.0,0.0,2.92,3.52,2.09,1.06
490,,,,,,
491,,,,,,
492,,,,,,
493,179840.0,0.0,1.53,1.98,1.7,2.64
494,162265.0,0.0,4.75,4.25,0.0,0.0
495,75744.0,0.5,5.67,2.48,0.4,0.0
496,,,,,,
497,,,,,,
498,154981.0,0.9,5.41,1.74,0.0,0.0
499,146566.0,0.0,3.98,1.25,1.55,1.39
500,159827.0,0.07,3.47,3.17,0.73,0.19
501,175727.0,0.0,0.56,7.04,1.63,0.09
502,162423.0,0.0,3.91,2.72,1.36,0.56
503,159670.0,0.0,0.0,1.32,1.32,3.3
504,172040.0,1.29,5.84,1.34,0.38,0.16
505,159731.0,0.0,4.93,1.12,3.17,0.0
506,167107.0,0.57,5.2,2.67,0.71,0.38
507,75378.0,1.0,5.0,3.5,0.0,0.0
508,,,,,,
509,54970.0,0.0,3.96,2.75,1.98,0.0
510,,,,,,
511,159894.0,0.4,3.24,3.09,0.5,1.39
512,,,,,,
513,,,,,,
514,,,,,,
515,,,,,,
516,,,,,,
517,153580.0,0.0,3.12,2.08,1.19,0.77
518,181104.0,0.2,4.26,1.76,0.74,0.8
519,,,,,,
520,142739.0,0.12,3.47,1.75,0.91,0.41
521,99752.0,0.53,3.29,1.97,1.18,0.3
522,167787.0,0.67,5.42,1.88,0.99,0.48
523,159311.0,0.27,6.11,2.02,0.64,0.16
524,,,,,,
525,,,,,,
526,,,,,,
527,,,,,,
528,,,,,,
529,,,,,,
530,,,,,,
531,,,,,,
532,,,,,,
533,154653.0,0.0,3.55,3.91,0.77,0.79
534,163533.0,0.18,2.91,2.31,2.36,0.96
535,,,,,,
536,,,,,,
537,164106.0,0.26,3.96,1.93,1.41,0.59
538,,,,,,
539,152680.0,0.18,2.86,3.29,1.77,0.85
540,167602.0,0.0,6.24,1.56,0.0,0.4
541,,,,,,
542,,,,,,
543,,,,,,
544,,,,,,
545,,,,,,
546,,,,,,
547,,,,,,
548,,,,,,
549,,,,,,
550,,,,,,
551,,,,,,
552,,,,,,
553,,,,,,
554,,,,,,
555,,,,,,
556,,,,,,
557,,,,,,
558,152344.0,0.1,2.65,2.05,1.67,0.79
559,,,,,,
560,,,,,,
561,,,,,,
562,,,,,,
563,,,,,,
564,173833.0,0.0,4.97,2.0,0.64,0.48
565,,,,,,
566,,,,,,
567,,,,,,
568,,,,,,
569,,,,,,
570,,,,,,
571,,,,,,
572,,,,,,
573,,,,,,
574,,,,,,
575,,,,,,
576,,,,,,
577,157297.0,0.07,3.07,2.13,1.23,0.69
578,172420.0,0.64,4.59,1.92,0.56,0.18
579,,,,,,
580,152669.0,0.0,0.0,3.5,0.0,4.0
581,154437.0,0.09,3.54,2.87,1.57,1.11
582,,,,,,
583,,,,,,
584,163744.0,0.0,10.0,0.0,0.0,0.0
585,140010.0,0.32,4.7,1.61,1.35,0.48
586,,,,,,
587,,,,,,
588,,,,,,
589,,,,,,
590,153687.0,0.23,3.2,1.96,1.67,0.81
591,,,,,,
592,,,,,,
593,,,,,,
594,,,,,,
595,,,,,,
596,173884.0,0.0,5.6,2.66,1.12,0.0
597,,,,,,
598,167697.0,0.45,3.36,2.33,1.98,0.5
599,,,,,,
600,176622.0,0.0,0.0,8.0,0.0,0.0
601,,,,,,
602,172980.0,0.0,0.0,4.75,4.75,0.0
603,,,,,,
604,,,,,,
605,143416.0,0.93,5.72,1.39,0.51,0.25
606,,,,,,
607,156417.0,2.13,5.07,0.67,0.54,0.0
608,153279.0,0.18,0.67,4.71,3.03,0.08
609,,,,,,
610,178097.0,0.09,3.28,3.05,1.39,1.28
611,,,,,,
612,,,,,,
613,165321.0,0.25,2.55,3.26,0.99,0.81
614,,,,,,
615,,,,,,
616,,,,,,
617,158652.0,0.0,6.53,1.7,1.36,0.0
618,,,,,,
619,,,,,,
620,,,,,,
621,,,,,,
622,,,,,,
623,,,,,,
624,,,,,,
625,,,,,,
626,,,,,,
627,,,,,,
628,155715.0,0.67,3.33,1.72,0.96,0.43
629,159830.0,0.78,4.64,1.89,0.8,0.26
630,,,,,,
631,,,,,,
632,,,,,,
633,168059.0,0.0,4.0,3.6,2.0,0.0
634,,,,,,
635,,,,,,
636,,,,,,
637,195681.0,0.0,9.0,0.0,0.0,0.0
638,,,,,,
639,168479.0,0.0,0.0,0.0,10.0,0.0
640,,,,,,
641,,,,,,
642,,,,,,
643,,,,,,
644,,,,,,
645,142324.0,0.19,4.5,2.4,0.4,0.0
646,156091.0,0.0,4.73,2.91,0.71,0.37
647,,,,,,
648,,,,,,
649,,,,,,
650,,,,,,
651,157500.0,0.17,0.54,4.51,2.85,0.1
652,133129.0,0.17,3.07,2.1,1.86,0.74
653,140731.0,0.19,5.0,2.47,1.07,0.36
654,,,,,,
655,,,,,,
656,,,,,,
657,109906.0,0.28,2.01,1.26,1.23,0.59
658,171490.0,0.07,3.88,2.46,1.02,1.15
659,,,,,,
660,,,,,,
661,,,,,,
662,,,,,,
663,,,,,,
664,,,,,,
665,133424.0,0.1,4.4,2.76,0.76,0.49
666,,,,,,
667,,,,,,
668,57723.0,0.0,3.75,3.74,0.45,1.25
669,,,,,,
670,,,,,,
671,,,,,,
672,,,,,,
673,,,,,,
674,,,,,,
675,,,,,,
676,,,,,,
677,,,,,,
678,,,,,,
679,,,,,,
680,146407.0,0.27,3.27,2.42,0.99,0.52
681,35939.0,0.7,5.48,1.4,2.1,0.0
682,,,,,,
683,,,,,,
684,121090.0,0.54,4.44,1.45,1.08,0.15
685,,,,,,
686,,,,,,
687,,,,,,
688,,,,,,
689,,,,,,
690,,,,,,
691,158885.0,0.27,5.42,2.44,0.83,0.18
692,,,,,,
693,152656.0,0.35,4.28,1.84,1.66,0.32
694,,,,,,
695,,,,,,
696,,,,,,
697,,,,,,
698,,,,,,
699,136893.0,0.7,4.9,1.77,0.95,0.28
700,,,,,,
701,88227.0,0.16,3.24,2.56,1.75,0.57
702,,,,,,
703,,,,,,
704,,,,,,
705,,,,,,
706,,,,,,
707,,,,,,
708,143402.0,0.26,5.23,2.01,0.75,0.16
709,,,,,,
710,,,,,,
711,,,,,,
712,,,,,,
713,149512.0,0.35,4.98,1.83,1.11,0.53
714,,,,,,
715,,,,,,
716,,,,,,
717,,,,,,
718,,,,,,
719,151196.0,0.2,3.21,2.56,2.7,0.76
720,158631.0,0.07,4.34,2.32,1.33,0.42
721,,,,,,
722,,,,,,
723,146489.0,0.18,1.66,3.75,3.36,0.27
724,,,,,,
725,,,,,,
726,,,,,,
727,,,,,,
728,,,,,,
729,,,,,,
730,,,,,,
731,,,,,,
732,143373.0,0.35,2.38,2.95,0.56,1.19
733,145376.0,0.0,0.61,6.39,1.39,0.05
734,,,,,,
735,143460.0,0.0,3.92,2.54,1.02,0.66
736,,,,,,
737,178456.0,0.67,5.35,1.7,1.0,0.67
738,,,,,,
739,110333.0,0.18,4.46,2.61,1.09,0.33
740,168036.0,0.0,2.97,0.9,1.35,1.44
741,,,,,,
742,,,,,,
743,,,,,,
744,,,,,,
745,,,,,,
746,,,,,,
747,,,,,,
748,,,,,,
749,,,,,,
750,152249.0,0.1,4.26,2.26,1.48,0.78
751,,,,,,
752,185267.0,0.18,3.01,1.96,1.12,0.42
753,181286.0,0.0,6.78,0.6,1.68,0.0
754,165461.0,0.1,2.8,2.79,2.69,1.32
755,152183.0,0.08,2.55,3.5,2.55,0.75
756,164102.0,0.87,5.2,1.85,0.89,0.58
757,160720.0,0.0,0.5,5.82,1.14,0.07
758,152486.0,0.2,4.6,2.53,0.3,0.0
759,155228.0,0.0,3.87,3.33,0.24,0.83
760,156930.0,0.0,0.0,4.0,0.0,4.5
761,147835.0,0.0,0.0,0.0,0.0,7.0
762,,,,,,
763,,,,,,
764,101966.0,0.19,3.8,3.14,1.82,0.18
765,,,,,,
766,,,,,,
767,,,,,,
768,149516.0,0.01,0.53,5.92,1.4,0.09
769,134899.0,0.48,5.08,1.74,1.26,0.54
770,151117.0,0.17,5.23,2.13,0.63,0.17
771,138601.0,0.36,5.13,2.41,0.46,0.34
772,,,,,,
773,161850.0,0.57,4.82,1.92,1.39,0.55
774,,,,,,
775,130787.0,0.38,4.05,1.36,1.09,0.26
776,,,,,,
777,,,,,,
778,,,,,,
779,,,,,,
780,,,,,,
781,,,,,,
782,,,,,,
783,,,,,,
784,,,,,,
785,,,,,,
786,,,,,,
787,,,,,,
788,,,,,,
789,,,,,,
790,,,,,,
791,,,,,,
792,,,,,,
793,,,,,,
794,,,,,,
795,,,,,,
796,,,,,,
797,,,,,,
798,100205.0,0.07,3.69,2.6,0.91,0.72
799,,,,,,
800,,,,,,
801,,,,,,
802,,,,,,
803,,,,,,
804,,,,,,
805,,,,,,
806,127378.0,0.0,0.72,4.8,2.29,0.08
807,,,,,,
808,,,,,,
809,,,,,,
810,,,,,,
811,,,,,,
812,,,,,,
813,,,,,,
814,,,,,,
815,144130.0,0.0,3.16,2.73,1.78,0.51
816,154273.0,0.0,1.77,4.44,1.39,1.02
817,,,,,,
818,,,,,,
819,,,,,,
820,85579.0,0.45,3.94,2.17,1.66,0.42
821,,,,,,
822,,,,,,
823,116233.0,0.24,4.23,1.69,1.32,0.55
824,,,,,,
825,,,,,,
826,,,,,,
827,,,,,,
828,,,,,,
829,,,,,,
830,,,,,,
831,,,,,,
832,,,,,,
833,,,,,,
834,,,,,,
835,162854.0,0.1,3.67,2.96,0.92,1.29
836,,,,,,
837,166463.0,0.0,1.53,1.02,5.7,0.0
838,,,,,,
839,,,,,,
840,,,,,,
841,,,,,,
842,,,,,,
843,163832.0,0.0,3.39,3.04,1.15,0.77
844,,,,,,
845,44911.0,0.14,3.9,2.15,0.73,0.31
846,,,,,,
847,,,,,,
848,140647.0,1.23,5.22,0.72,0.39,0.25
849,,,,,,
850,,,,,,
851,153651.0,0.09,2.38,1.82,1.46,0.42
852,,,,,,
853,,,,,,
854,,,,,,
855,,,,,,
856,,,,,,
857,,,,,,
858,,,,,,
859,164719.0,0.25,4.98,2.94,0.46,0.19
860,,,,,,
861,,,,,,
862,152694.0,0.27,4.28,2.82,0.45,0.39
863,,,,,,
864,,,,,,
865,152646.0,0.0,8.0,0.0,0.0,0.0
866,,,,,,
867,,,,,,
868,,,,,,
869,,,,,,
870,,,,,,
871,,,,,,
872,,,,,,
873,,,,,,
874,,,,,,
875,163824.0,0.0,0.0,4.0,0.0,0.0
876,,,,,,
877,,,,,,
878,144944.0,0.35,6.44,1.07,0.31,0.17
879,,,,,,
880,156565.0,1.7,5.36,0.0,1.53,0.0
881,,,,,,
882,188909.0,0.24,2.6,2.42,1.92,0.85
883,,,,,,
884,143409.0,0.0,4.18,2.98,0.68,0.49
885,,,,,,
886,,,,,,
887,,,,,,
888,154206.0,0.0,4.3,2.59,0.92,0.06
889,,,,,,
890,153964.0,1.93,4.83,0.77,0.96,0.26
891,144379.0,0.28,4.34,2.38,1.27,0.91
892,127374.0,0.15,3.96,2.36,1.29,0.33
893,,,,,,
894,,,,,,
895,,,,,,
896,,,,,,
897,,,,,,
898,137890.0,0.34,4.66,1.97,0.88,0.24
899,,,,,,
900,,,,,,
901,155256.0,0.09,4.31,2.26,0.93,0.24
902,,,,,,
903,,,,,,
904,,,,,,
905,,,,,,
906,168551.0,0.0,4.2,3.38,0.5,0.18
907,,,,,,
908,,,,,,
909,,,,,,
910,,,,,,
911,,,,,,
912,157178.0,1.08,5.84,0.96,0.39,0.18
913,182578.0,0.09,2.54,2.47,1.63,0.52
914,,,,,,
915,,,,,,
916,,,,,,
917,,,,,,
918,124025.0,0.42,5.07,1.55,0.7,0.22
919,125802.0,0.21,3.94,1.97,0.63,0.25
920,,,,,,
921,129406.0,0.54,4.68,1.72,1.3,0.45
922,144943.0,0.41,5.0,1.57,0.91,0.35
923,,,,,,
924,,,,,,
925,,,,,,
926,144958.0,0.0,0.85,1.65,0.0,4.0
927,124205.0,0.0,0.0,1.75,3.25,2.25
928,,,,,,
929,119966.0,0.33,3.72,2.02,1.2,0.58
930,,,,,,
931,,,,,,
932,129051.0,0.44,5.07,1.71,0.84,0.33
933,144188.0,0.0,10.0,0.0,0.0,0.0
934,106522.0,0.77,4.09,1.71,1.49,0.17
935,,,,,,
936,107374.0,0.31,3.52,1.83,0.81,0.32
937,149027.0,0.0,0.0,0.0,10.0,0.0
938,124041.0,0.24,4.47,1.84,0.8,0.3
939,142242.0,0.39,5.24,1.19,0.35,0.23
940,115366.0,0.29,4.18,1.81,0.77,0.3
941,,,,,,
942,127397.0,0.08,3.41,2.32,2.0,0.33
943,103760.0,0.08,3.74,2.21,1.24,0.4
944,132627.0,0.19,1.39,4.18,2.77,0.17
945,151751.0,0.0,3.56,3.89,0.95,0.0
946,,,,,,
947,,,,,,
948,,,,,,
949,,,,,,
950,,,,,,
951,121052.0,0.07,0.5,5.54,2.51,0.07
952,140064.0,0.0,4.5,2.97,1.36,0.0
953,165791.0,0.0,5.0,4.5,0.0,0.0
954,,,,,,
955,,,,,,
956,,,,,,
957,,,,,,
958,,,,,,
959,,,,,,
960,,,,,,
961,,,,,,
962,,,,,,
963,,,,,,
964,150198.0,0.95,4.98,1.41,1.42,0.26
965,,,,,,
966,,,,,,
967,,,,,,
968,167103.0,0.18,0.49,6.37,1.22,0.0
969,191597.0,0.09,2.81,3.34,2.09,0.67
970,146517.0,0.08,4.59,1.94,1.06,0.49
971,,,,,,
972,,,,,,
973,,,,,,
974,158910.0,0.19,2.92,2.73,1.7,1.49
975,137875.0,0.31,4.19,1.21,0.73,0.2
976,,,,,,
977,,,,,,
978,,,,,,
979,,,,,,
980,151715.0,0.0,2.66,2.64,2.22,1.04
981,,,,,,
982,142251.0,0.0,3.0,3.3,0.68,0.0
983,159785.0,0.0,4.36,1.32,0.0,0.0
984,,,,,,
985,,,,,,
986,,,,,,
987,,,,,,
988,146485.0,0.15,4.17,1.79,1.0,0.56
989,,,,,,
990,,,,,,
991,142803.0,0.75,4.94,1.54,1.33,0.27
992,44913.0,0.2,3.66,1.67,0.67,0.28
993,123519.0,0.24,4.79,1.72,0.72,0.29
994,154214.0,0.15,4.72,2.2,1.02,0.26
995,115504.0,0.52,4.8,1.61,1.08,0.23
996,140695.0,0.37,4.83,1.96,1.26,0.34
997,,,,,,
998,168092.0,0.08,3.86,2.72,1.14,1.05
999,,,,,,
1000,153342.0,0.0,5.6,2.8,0.0,0.0
1001,,,,,,
1002,,,,,,
1003,115642.0,0.54,5.79,1.26,0.84,0.17
1004,,,,,,
1005,,,,,,
1006,,,,,,
1007,115520.0,0.17,5.65,0.99,0.46,0.22
1008,139698.0,0.0,1.23,6.75,0.23,0.0
1009,146386.0,0.47,4.94,2.0,0.48,0.79
1010,,,,,,
1011,122195.0,0.34,3.18,0.89,0.78,0.14
1012,,,,,,
1013,,,,,,
1014,,,,,,
1015,,,,,,
1016,,,,,,
1017,127375.0,0.25,5.08,1.5,0.75,0.34
1018,144221.0,0.18,3.37,2.39,0.93,0.69
1019,,,,,,
1020,,,,,,
1021,100647.0,0.44,3.8,2.17,1.75,0.61
1022,118955.0,0.21,2.81,3.64,1.42,0.51
1023,134859.0,0.38,4.13,1.38,1.75,0.6
1024,,,,,,
1025,,,,,,
1026,,,,,,
1027,125444.0,0.42,2.91,1.5,1.4,0.3
1028,,,,,,
1029,144938.0,0.18,1.55,5.1,2.07,0.09
1030,,,,,,
1031,,,,,,
1032,,,,,,
1033,154461.0,0.1,6.19,1.63,0.17,0.17
1034,127322.0,0.0,1.75,2.38,1.75,2.12
1035,,,,,,
1036,,,,,,
1037,,,,,,
1038,,,,,,
1039,,,,,,
1040,,,,,,
1041,,,,,,
1042,,,,,,
1043,,,,,,
1044,156465.0,0.0,3.83,2.36,0.81,0.56
1045,,,,,,
1046,,,,,,
1047,144355.0,0.0,0.54,5.81,2.49,0.0
1048,,,,,,
1049,,,,,,
1050,,,,,,
1051,143435.0,0.27,4.77,2.53,0.95,0.26
1052,,,,,,
1053,,,,,,
1054,,,,,,
1055,143495.0,0.33,4.5,2.05,1.41,0.63
1056,144945.0,0.17,1.28,5.46,1.84,0.09
1057,157243.0,0.58,5.97,1.71,0.71,0.66
1058,137952.0,0.27,4.32,2.01,1.36,0.52
1059,,,,,,
1060,,,,,,
1061,,,,,,
1062,,,,,,
1063,,,,,,
1064,105389.0,0.0,5.4,1.8,1.6,0.0
1065,143437.0,0.7,4.41,1.6,1.56,0.18
1066,,,,,,
1067,,,,,,
1068,129383.0,0.63,4.99,1.52,1.18,0.26
1069,,,,,,
1070,,,,,,
1071,53280.0,0.0,6.0,2.5,0.0,0.0
1072,,,,,,
1073,,,,,,
1074,,,,,,
1075,,,,,,
1076,167569.0,0.22,3.54,3.33,0.71,0.14
1077,152684.0,0.16,5.16,2.17,0.69,0.3
1078,,,,,,
1079,,,,,,
1080,,,,,,
1081,137346.0,0.17,3.4,2.74,1.61,0.83
1082,120791.0,0.17,3.9,1.91,1.64,0.49
1083,,,,,,
1084,,,,,,
1085,,,,,,
1086,,,,,,
1087,,,,,,
1088,,,,,,
1089,,,,,,
1090,,,,,,
1091,,,,,,
1092,,,,,,
1093,,,,,,
1094,,,,,,
1095,,,,,,
1096,,,,,,
1097,,,,,,
1098,154379.0,0.29,3.45,3.85,1.04,0.64
1099,,,,,,
1100,,,,,,
1101,,,,,,
1102,125405.0,0.3,5.7,1.71,0.6,0.26
1103,,,,,,
1104,,,,,,
1105,,,,,,
1106,,,,,,
1107,,,,,,
1108,,,,,,
1109,,,,,,
1110,,,,,,
1111,,,,,,
1112,,,,,,
1113,,,,,,
1114,,,,,,
1115,,,,,,
1116,114282.0,0.61,6.03,1.13,0.49,0.17
1117,,,,,,
1118,,,,,,
1119,130966.0,0.45,4.25,2.12,1.53,0.34
1120,132933.0,0.45,4.15,2.0,1.75,0.44
1121,,,,,,
1122,,,,,,
1123,113344.0,0.72,5.29,1.21,1.06,0.24
1124,,,,,,
1125,,,,,,
1126,,,,,,
1127,,,,,,
1128,,,,,,
1129,74866.0,0.16,3.47,2.0,1.35,0.28
1130,,,,,,
1131,119430.0,0.25,4.55,2.21,1.06,0.17
1132,,,,,,
1133,,,,,,
1134,,,,,,
1135,,,,,,
1136,,,,,,
1137,,,,,,
1138,,,,,,
1139,,,,,,
1140,,,,,,
1141,,,,,,
1142,140787.0,0.1,3.52,2.65,1.64,1.46
1143,,,,,,
1144,,,,,,
1145,184859.0,0.0,0.0,3.3,3.3,3.3
1146,,,,,,
1147,,,,,,
1148,,,,,,
1149,,,,,,
1150,,,,,,
1151,,,,,,
1152,,,,,,
1153,,,,,,
1154,,,,,,
1155,125421.0,0.57,3.55,1.66,1.78,0.24
1156,,,,,,
1157,,,,,,
1158,,,,,,
1159,,,,,,
1160,,,,,,
1161,,,,,,
1162,,,,,,
1163,109960.0,0.2,3.45,2.16,1.11,0.15
1164,,,,,,
1165,,,,,,
1166,,,,,,
1167,,,,,,
1168,,,,,,
1169,,,,,,
1170,,,,,,
1171,114286.0,0.66,5.16,0.76,0.44,0.31
1172,,,,,,
1173,,,,,,
1174,114247.0,0.0,2.7,2.72,1.77,0.91
1175,,,,,,
1176,184605.0,0.0,0.0,3.0,0.0,0.0
1177,,,,,,
1178,,,,,,
1179,,,,,,
1180,,,,,,
1181,,,,,,
1182,,,,,,
1183,,,,,,
1184,,,,,,
1185,,,,,,
1186,,,,,,
1187,,,,,,
1188,,,,,,
1189,140719.0,0.0,2.9,2.64,2.16,0.45
1190,125423.0,0.0,3.54,1.41,0.54,0.78
1191,,,,,,
1192,,,,,,
1193,124042.0,0.58,3.16,0.81,0.68,0.14
1194,142372.0,1.43,4.83,0.6,0.15,0.0
1195,115977.0,0.38,4.57,2.39,1.45,0.45
1196,,,,,,
1197,,,,,,
1198,,,,,,
1199,,,,,,
1200,167599.0,0.0,0.23,4.91,3.61,0.2
1201,,,,,,
1202,10323.0,0.4,3.89,2.38,1.4,0.55
1203,136859.0,0.05,3.67,2.85,0.82,0.67
1204,,,,,,
1205,,,,,,
1206,,,,,,
1207,137971.0,0.13,4.72,2.05,0.85,0.68
1208,,,,,,
1209,114225.0,0.34,4.1,2.02,1.28,0.42
1210,,,,,,
1211,,,,,,
1212,118974.0,0.15,4.43,1.23,0.52,0.19
1213,112041.0,0.15,3.34,2.09,0.54,0.28
1214,,,,,,
1215,,,,,,
1216,,,,,,
1217,114263.0,0.0,2.02,2.17,1.53,0.97
1218,,,,,,
1219,,,,,,
1220,,,,,,
1221,,,,,,
1222,,,,,,
1223,127383.0,0.81,2.14,2.95,2.07,0.0
1224,,,,,,
1225,,,,,,
1226,,,,,,
1227,,,,,,
1228,,,,,,
1229,,,,,,
1230,,,,,,
1231,189620.0,0.24,0.91,4.43,1.63,0.24
1232,,,,,,
1233,,,,,,
1234,,,,,,
1235,72058.0,0.96,6.38,0.0,0.72,0.0
1236,,,,,,
1237,35901.0,1.74,4.58,2.28,0.6,0.54
1238,,,,,,
1239,,,,,,
1240,109905.0,0.29,5.03,2.64,0.98,0.27
1241,,,,,,
1242,,,,,,
1243,,,,,,
1244,,,,,,
1245,74027.0,0.65,4.9,1.17,0.74,0.25
1246,,,,,,
1247,181030.0,0.8,3.61,0.8,3.02,0.0
1248,,,,,,
1249,,,,,,
1250,,,,,,
1251,,,,,,
1252,,,,,,
1253,144271.0,0.0,8.0,0.0,0.0,0.0
1254,,,,,,
1255,,,,,,
1256,,,,,,
1257,,,,,,
1258,,,,,,
1259,,,,,,
1260,,,,,,
1261,,,,,,
1262,129012.0,0.41,4.75,1.63,0.42,0.23
1263,103331.0,0.2,3.58,1.89,1.59,1.51
1264,124212.0,0.24,3.79,1.79,1.43,0.64
1265,,,,,,
1266,67769.0,0.16,4.01,2.37,0.92,0.31
1267,,,,,,
1268,,,,,,
1269,,,,,,
1270,,,,,,
1271,,,,,,
1272,,,,,,
1273,130041.0,0.0,8.02,0.0,0.0,1.4
1274,,,,,,
1275,136007.0,0.41,4.58,1.86,0.72,0.32
1276,,,,,,
1277,,,,,,
1278,118917.0,0.37,5.58,1.69,0.87,0.44
1279,,,,,,
1280,,,,,,
1281,,,,,,
1282,109955.0,0.59,4.58,2.06,0.59,0.17
1283,,,,,,
1284,,,,,,
1285,,,,,,
1286,,,,,,
1287,,,,,,
1288,,,,,,
1289,193839.0,0.0,1.63,3.63,3.3,1.1
1290,104478.0,0.71,3.94,1.48,0.99,1.03
1291,,,,,,
1292,,,,,,
1293,,,,,,
1294,,,,,,
1295,127865.0,0.25,4.42,1.98,1.23,0.6
1296,,,,,,
1297,,,,,,
1298,,,,,,
1299,,,,,,
1300,,,,,,
1301,,,,,,
1302,,,,,,
1303,130983.0,0.16,4.48,1.95,1.77,0.4
1304,,,,,,
1305,,,,,,
1306,129331.0,0.0,5.33,1.82,0.75,0.33
1307,129049.0,0.36,4.49,2.15,1.46,0.35
1308,122469.0,0.6,3.88,2.0,1.06,0.24
1309,,,,,,
1310,,,,,,
1311,,,,,,
1312,192121.0,0.0,0.0,2.0,5.0,0.0
1313,,,,,,
1314,,,,,,
1315,,,,,,
1316,106557.0,0.24,4.2,1.16,1.23,0.0
1317,129333.0,0.34,4.78,1.99,0.94,0.78
1318,95541.0,0.37,3.44,2.28,2.2,0.52
1319,172819.0,0.0,3.05,3.56,1.86,0.1
1320,117802.0,0.07,4.61,1.48,0.27,0.29
1321,,,,,,
1322,,,,,,
1323,,,,,,
1324,,,,,,
1325,,,,,,
1326,,,,,,
1327,,,,,,
1328,122596.0,0.09,0.78,5.45,2.22,0.09
1329,118980.0,0.0,3.49,1.04,3.2,0.0
1330,,,,,,
1331,90596.0,0.44,4.69,1.9,0.92,0.35
1332,15899.0,0.0,5.5,4.32,0.0,0.0
1333,,,,,,
1334,,,,,,
1335,127335.0,0.08,3.56,2.13,1.11,0.46
1336,,,,,,
1337,69956.0,0.27,3.57,2.24,1.63,0.33
1338,,,,,,
1339,107352.0,0.0,3.22,2.89,1.01,0.86
1340,,,,,,
1341,,,,,,
1342,,,,,,
1343,,,,,,
1344,,,,,,
1345,,,,,,
1346,,,,,,
1347,,,,,,
1348,118950.0,0.45,5.64,1.62,0.75,0.27
1349,19303.0,5.0,3.0,0.0,0.0,0.0
1350,18781.0,0.2,2.79,3.76,2.61,0.27
1351,103708.0,0.83,3.74,2.13,1.2,0.0
1352,,,,,,
1353,,,,,,
1354,32686.0,1.07,5.79,1.79,0.83,0.09
1355,,,,,,
1356,101961.0,0.0,3.58,2.51,0.99,0.0
1357,,,,,,
1358,,,,,,
1359,94187.0,0.69,4.01,1.96,1.25,0.16
1360,,,,,,
1361,73318.0,0.0,0.0,8.0,0.0,0.0
1362,112039.0,0.51,3.92,1.27,0.54,0.22
1363,101236.0,0.85,4.19,1.74,0.99,0.17
1364,117790.0,1.28,3.85,1.42,1.11,0.24
1365,105521.0,0.8,3.74,1.42,1.26,0.32
1366,88426.0,1.7,4.5,3.3,0.0,0.0
1367,122535.0,0.6,4.79,1.57,0.93,0.26
1368,,,,,,
1369,120123.0,0.15,3.93,1.8,0.94,0.28
1370,93739.0,0.43,1.89,1.6,1.46,0.22
1371,108225.0,0.45,3.22,2.06,1.38,0.31
1372,,,,,,
1373,112079.0,0.43,4.28,2.06,0.78,0.34
1374,,,,,,
1375,93028.0,0.18,3.71,2.8,1.58,0.0
1376,,,,,,
1377,,,,,,
1378,,,,,,
1379,,,,,,
1380,,,,,,
1381,,,,,,
1382,,,,,,
1383,99096.0,0.28,2.96,1.84,1.07,0.43
1384,,,,,,
1385,61101.0,0.0,5.9,1.0,2.8,0.0
1386,,,,,,
1387,,,,,,
1388,,,,,,
1389,,,,,,
1390,,,,,,
1391,,,,,,
1392,,,,,,
1393,109778.0,0.54,5.25,1.99,0.78,0.26
1394,,,,,,
1395,,,,,,
1396,87309.0,0.0,7.23,1.41,0.49,0.4
1397,114249.0,0.28,5.86,2.03,0.59,0.26
1398,,,,,,
1399,,,,,,
1400,,,,,,
1401,,,,,,
1402,,,,,,
1403,190727.0,0.0,4.91,1.65,0.0,0.0
1404,,,,,,
1405,122473.0,0.4,4.09,1.64,1.53,0.41
1406,,,,,,
1407,,,,,,
1408,,,,,,
1409,127321.0,0.19,3.24,2.84,1.55,0.99
1410,,,,,,
1411,,,,,,
1412,,,,,,
1413,,,,,,
1414,146212.0,0.0,3.84,0.72,0.0,2.34
1415,,,,,,
1416,,,,,,
1417,,,,,,
1418,,,,,,
1419,,,,,,
1420,,,,,,
1421,,,,,,
1422,,,,,,
1423,109982.0,0.52,4.58,1.61,0.94,0.41
1424,,,,,,
1425,195970.0,0.87,4.62,1.98,0.9,0.81
1426,,,,,,
1427,,,,,,
1428,125841.0,0.6,1.56,3.5,2.11,0.15
1429,,,,,,
1430,,,,,,
1431,,,,,,
1432,45290.0,0.76,4.63,1.96,1.4,0.44
1433,,,,,,
1434,118909.0,0.24,3.99,1.41,0.45,0.15
1435,,,,,,
1436,,,,,,
1437,72524.0,0.0,0.0,8.5,0.0,0.0
1438,,,,,,
1439,,,,,,
1440,,,,,,
1441,,,,,,
1442,178654.0,0.0,1.38,2.0,0.72,0.12
1443,164115.0,0.38,3.86,2.17,1.79,0.89
1444,,,,,,
1445,113377.0,0.36,2.64,2.16,1.31,0.61
1446,,,,,,
1447,,,,,,
1448,,,,,,
1449,,,,,,
1450,,,,,,
1451,,,,,,
1452,,,,,,
1453,,,,,,
1454,,,,,,
1455,,,,,,
1456,,,,,,
1457,,,,,,
1458,,,,,,
1459,,,,,,
1460,,,,,,
1461,,,,,,
1462,,,,,,
1463,109095.0,0.18,5.46,2.14,0.23,0.09
1464,16792.0,0.0,0.0,5.0,4.25,0.0
1465,149248.0,0.86,4.63,1.29,1.13,0.32
1466,109169.0,0.02,4.18,0.78,0.1,0.0
1467,,,,,,
1468,100676.0,0.01,4.21,3.53,0.58,0.08
1469,94829.0,0.24,4.22,1.5,0.55,0.53
1470,,,,,,
1471,137908.0,0.23,3.05,2.95,1.54,0.22
1472,113348.0,0.82,5.13,1.36,0.96,0.44
1473,118397.0,0.0,3.3,1.12,0.0,3.3
1474,99740.0,0.62,3.93,1.99,1.64,0.33
1475,,,,,,
1476,191929.0,0.0,4.67,4.0,0.0,0.0
1477,92075.0,0.58,5.88,1.96,0.47,0.32
1478,,,,,,
1479,52555.0,0.0,5.83,1.62,1.2,0.0
1480,90589.0,0.55,4.64,2.14,1.16,0.25
1481,,,,,,
1482,,,,,,
1483,66158.0,0.2,3.83,2.6,1.23,1.26
1484,,,,,,
1485,,,,,,
1486,,,,,,
1487,118367.0,0.58,3.73,1.6,2.14,0.38
1488,,,,,,
1489,,,,,,
1490,,,,,,
1491,,,,,,
1492,,,,,,
1493,,,,,,
1494,,,,,,
1495,12787.0,0.16,5.42,1.52,0.33,1.17
1496,,,,,,
1497,125438.0,0.1,0.77,3.78,4.18,0.0
1498,137327.0,0.09,3.12,2.77,1.7,0.41
1499,,,,,,
1500,,,,,,
1501,155411.0,0.24,4.18,1.89,1.25,0.55
1502,160749.0,0.48,4.83,1.37,0.83,0.31
1503,162824.0,0.0,1.64,4.39,3.09,0.57
1504,,,,,,
1505,,,,,,
1506,,,,,,
1507,,,,,,
1508,,,,,,
1509,,,,,,
1510,,,,,,
1511,,,,,,
1512,,,,,,
1513,,,,,,
1514,125494.0,0.16,3.3,2.85,1.4,0.24
1515,,,,,,
1516,,,,,,
1517,,,,,,
1518,,,,,,
1519,97631.0,0.11,2.7,1.85,1.46,0.35
1520,72054.0,0.6,3.61,4.75,0.6,0.0
1521,18878.0,0.0,1.61,3.89,2.6,0.32
1522,91192.0,0.16,4.3,2.16,0.69,0.24
1523,,,,,,
1524,,,,,,
1525,,,,,,
1526,,,,,,
1527,103765.0,0.47,4.55,2.17,0.23,0.38
1528,,,,,,
1529,,,,,,
1530,97858.0,0.59,5.37,2.21,0.54,0.09
1531,,,,,,
1532,,,,,,
1533,,,,,,
1534,,,,,,
1535,,,,,,
1536,,,,,,
1537,,,,,,
1538,,,,,,
1539,,,,,,
1540,,,,,,
1541,,,,,,
1542,,,,,,
1543,,,,,,
1544,,,,,,
1545,,,,,,
1546,,,,,,
1547,,,,,,
1548,97612.0,0.26,5.08,2.5,0.7,0.26
1549,,,,,,
1550,,,,,,
1551,,,,,,
1552,,,,,,
1553,,,,,,
1554,189150.0,0.18,3.07,2.96,1.78,0.82
1555,100691.0,0.4,3.24,2.35,1.22,0.16
1556,,,,,,
1557,103324.0,0.17,0.63,4.99,2.08,0.08
1558,,,,,,
1559,,,,,,
1560,,,,,,
1561,95203.0,0.6,6.0,1.61,0.5,0.0
1562,,,,,,
1563,,,,,,
1564,78726.0,0.0,8.0,0.0,0.0,0.0
1565,124290.0,0.07,4.76,2.38,0.43,0.04
1566,,,,,,
1567,,,,,,
1568,,,,,,
1569,86335.0,0.0,0.0,8.0,0.0,0.0
1570,32667.0,0.0,6.03,2.64,0.0,0.0
1571,,,,,,
1572,10546.0,0.31,5.12,2.58,0.44,0.38
1573,,,,,,
1574,,,,,,
1575,11031.0,0.0,6.0,0.8,0.0,1.6
1576,119457.0,0.07,5.6,1.73,0.46,0.11
1577,,,,,,
1578,,,,,,
1579,51777.0,0.0,5.42,3.58,0.0,0.0
1580,25670.0,0.1,5.24,3.02,0.08,0.09
1581,98279.0,0.0,7.25,0.25,0.0,0.0
1582,,,,,,
1583,95334.0,0.0,2.4,1.2,2.0,0.0
1584,,,,,,
1585,,,,,,
1586,,,,,,
1587,,,,,,
1588,,,,,,
1589,,,,,,
1590,,,,,,
1591,107923.0,0.3,4.95,1.6,0.46,0.16
1592,,,,,,
1593,102648.0,0.54,3.07,1.49,1.11,0.45
1594,119412.0,0.25,3.3,2.05,1.86,0.67
1595,12918.0,0.64,3.44,2.08,0.64,1.19
1596,,,,,,
1597,,,,,,
1598,,,,,,
1599,,,,,,
1600,,,,,,
1601,,,,,,
1602,,,,,,
1603,,,,,,
1604,,,,,,
1605,,,,,,
1606,31565.0,0.0,4.0,4.38,0.0,0.0
1607,,,,,,
1608,,,,,,
1609,,,,,,
1610,,,,,,
1611,76020.0,0.47,1.69,4.56,1.99,0.09
1612,,,,,,
1613,,,,,,
1614,,,,,,
1615,66464.0,0.0,7.0,0.0,0.0,0.0
1616,,,,,,
1617,,,,,,
1618,78845.0,0.0,4.23,2.63,1.09,0.57
1619,,,,,,
1620,31940.0,0.84,5.74,1.46,0.47,0.54
1621,,,,,,
1622,,,,,,
1623,,,,,,
1624,,,,,,
1625,,,,,,
1626,,,,,,
1627,47321.0,0.2,5.0,2.46,0.68,0.54
1628,,,,,,
1629,96031.0,0.39,5.09,2.37,0.1,0.09
1630,,,,,,
1631,,,,,,
1632,,,,,,
1633,,,,,,
1634,,,,,,
1635,,,,,,
1636,,,,,,
1637,64686.0,0.0,3.2,3.6,2.0,0.0
1638,,,,,,
1639,89757.0,0.96,4.48,0.18,1.08,0.06
1640,,,,,,
1641,,,,,,
1642,,,,,,
1643,74610.0,0.49,6.2,1.7,0.42,0.19
1644,52515.0,0.79,5.72,2.21,0.53,0.36
1645,,,,,,
1646,169643.0,0.09,0.34,4.91,3.08,0.18
1647,,,,,,
1648,,,,,,
1649,,,,,,
1650,,,,,,
1651,,,,,,
1652,,,,,,
1653,,,,,,
1654,,,,,,
1655,,,,,,
1656,,,,,,
1657,,,,,,
1658,,,,,,
1659,150688.0,0.17,0.8,4.68,2.67,0.17
1660,39809.0,1.12,4.84,2.9,0.0,0.0
1661,,,,,,
1662,,,,,,
1663,66091.0,1.4,5.58,0.9,1.01,0.63
1664,,,,,,
1665,82283.0,0.0,2.5,3.75,1.75,0.0
1666,62586.0,1.68,4.65,2.69,0.18,0.36
1667,37439.0,0.0,3.62,2.97,1.59,0.99
1668,,,,,,
1669,,,,,,
1670,,,,,,
1671,,,,,,
1672,,,,,,
1673,,,,,,
1674,85141.0,0.0,4.0,4.5,0.0,0.0
1675,,,,,,
1676,,,,,,
1677,,,,,,
1678,,,,,,
1679,,,,,,
1680,,,,,,
1681,104426.0,0.31,5.94,1.27,0.17,0.23
1682,,,,,,
1683,,,,,,
1684,,,,,,
1685,,,,,,
1686,,,,,,
1687,,,,,,
1688,,,,,,
1689,,,,,,
1690,,,,,,
1691,,,,,,
1692,,,,,,
1693,,,,,,
1694,,,,,,
1695,,,,,,
1696,,,,,,
1697,,,,,,
1698,,,,,,
1699,,,,,,
1700,,,,,,
1701,97692.0,0.28,2.05,3.94,2.34,0.17
1702,123630.0,0.23,3.05,2.2,1.27,0.23
1703,17159.0,0.48,5.28,2.61,1.15,0.1
1704,,,,,,
1705,,,,,,
1706,,,,,,
1707,,,,,,
1708,,,,,,
1709,109193.0,0.39,2.81,2.9,2.99,0.26
1710,132626.0,0.18,1.6,4.29,2.6,0.09
1711,,,,,,
1712,,,,,,
1713,,,,,,
1714,,,,,,
1715,,,,,,
1716,,,,,,
1717,,,,,,
1718,10002.0,0.2,5.63,1.76,1.54,0.16
1719,,,,,,
1720,,,,,,
1721,,,,,,
1722,,,,,,
1723,59075.0,0.24,3.64,1.76,2.38,0.54
1724,,,,,,
1725,,,,,,
1726,,,,,,
1727,,,,,,
1728,,,,,,
1729,,,,,,
1730,,,,,,
1731,,,,,,
1732,,,,,,
1733,,,,,,
1734,,,,,,
1735,,,,,,
1736,,,,,,
1737,,,,,,
1738,,,,,,
1739,,,,,,
1740,,,,,,
1741,,,,,,
1742,,,,,,
1743,10003.0,0.0,4.28,5.07,0.3,0.0
1744,,,,,,
1745,,,,,,
1746,,,,,,
1747,,,,,,
1748,80219.0,0.0,2.52,4.11,1.04,0.67
1749,,,,,,
1750,,,,,,
1751,118966.0,0.0,0.35,5.25,2.83,0.09
1752,,,,,,
1753,,,,,,
1754,,,,,,
1755,,,,,,
1756,,,,,,
1757,,,,,,
1758,,,,,,
1759,92069.0,0.27,4.73,2.07,1.32,0.31
1760,142201.0,0.0,2.68,0.0,0.0,2.64
1761,,,,,,
1762,,,,,,
1763,76651.0,0.07,0.45,4.62,2.02,0.17
1764,,,,,,
1765,,,,,,
1766,,,,,,
1767,,,,,,
1768,,,,,,
1769,,,,,,
1770,100643.0,0.6,4.66,1.29,1.0,0.32
1771,,,,,,
1772,,,,,,
1773,17173.0,0.0,2.42,4.93,0.42,0.0
1774,,,,,,
1775,,,,,,
1776,37937.0,0.1,2.49,2.12,1.22,2.58
1777,,,,,,
1778,,,,,,
1779,49336.0,0.72,5.38,1.38,0.97,0.77
1780,,,,,,
1781,,,,,,
1782,,,,,,
1783,,,,,,
1784,,,,,,
1785,,,,,,
1786,,,,,,
1787,,,,,,
1788,,,,,,
1789,,,,,,
1790,,,,,,
1791,,,,,,
1792,,,,,,
1793,,,,,,
1794,,,,,,
1795,,,,,,
1796,,,,,,
1797,,,,,,
1798,,,,,,
1799,87556.0,0.0,3.08,3.18,0.0,0.0
1800,,,,,,
1801,,,,,,
1802,,,,,,
1803,,,,,,
1804,,,,,,
1805,,,,,,
1806,86843.0,0.0,6.53,2.61,0.0,0.0
1807,52553.0,0.47,6.14,1.85,0.42,0.23
1808,,,,,,
1809,34225.0,3.3,6.37,0.0,0.0,0.0
1810,,,,,,
1811,,,,,,
1812,,,,,,
1813,,,,,,
1814,,,,,,
1815,,,,,,
1816,,,,,,
1817,,,,,,
1818,,,,,,
1819,,,,,,
1820,,,,,,
1821,38227.0,0.49,6.17,1.46,0.63,0.46
1822,,,,,,
1823,,,,,,
