,code,spa_10s_npg_male,spa_10s_npg_female,spa_20s_npg_male,spa_20s_npg_female,spa_30s_npg_male,spa_30s_npg_female,spa_40s_npg_male,spa_40s_npg_female,spa_50s_npg_male,spa_50s_npg_female
0,203096.0,,,,,,,,,,
1,17997.0,,,,,,,,,,
2,181925.0,5.08,3.67,4.5,3.25,4.74,3.43,5.1,3.69,5.01,3.62
3,195979.0,,,,,,,,,,
4,138113.0,,,,,,,,,,
5,197517.0,0.0,0.0,9.0,1.89,0.0,0.0,0.0,0.0,0.0,0.0
6,155356.0,3.45,6.13,3.37,6.0,3.27,5.81,3.25,5.79,3.02,5.36
7,168668.0,0.0,0.0,3.9,4.96,4.07,5.18,4.18,5.32,3.7,4.7
8,156023.0,,,,,,,,,,
9,151155.0,,,,,,,,,,
10,143776.0,0.0,0.0,3.42,5.58,3.42,5.58,3.8,6.2,2.66,4.34
11,168735.0,0.0,0.0,1.98,7.02,2.05,7.28,1.94,6.86,1.87,6.63
12,142683.0,2.38,7.12,2.32,6.97,2.15,6.44,2.27,6.82,2.26,6.79
13,199742.0,,,,,,,,,,
14,167675.0,0.0,0.0,0.0,0.0,1.0,0.24,0.0,0.0,0.0,0.0
15,151241.0,2.9,1.85,4.25,2.71,4.45,2.85,4.76,3.04,5.49,3.51
16,154667.0,3.6,6.4,3.32,5.91,3.41,6.05,3.29,5.85,3.27,5.81
17,164269.0,0.0,0.0,0.0,0.0,3.04,4.96,2.41,3.92,0.0,0.0
18,159366.0,1.95,5.55,1.91,5.45,1.99,5.68,2.37,6.75,2.21,6.29
19,162874.0,0.0,0.0,1.7,4.38,2.24,5.76,2.41,6.19,1.77,4.56
20,158180.0,4.15,5.07,4.12,5.03,4.12,5.03,4.14,5.06,4.16,5.09
21,167638.0,3.91,5.41,3.87,5.34,3.78,5.23,3.7,5.11,3.67,5.07
22,180209.0,3.7,6.3,2.63,4.49,2.85,4.84,2.31,3.93,2.52,4.29
23,161834.0,0.0,0.0,5.0,5.0,4.5,4.5,0.0,0.0,0.0,0.0
24,172454.0,4.2,3.58,4.16,3.55,3.92,3.34,3.62,3.09,3.92,3.33
25,158112.0,2.57,3.41,2.58,3.43,2.82,3.73,2.78,3.68,3.05,4.05
26,167651.0,4.24,5.18,4.19,5.13,4.15,5.07,4.09,5.0,3.97,4.85
27,164192.0,5.05,4.14,4.91,4.02,4.74,3.87,4.62,3.78,4.43,3.63
28,171744.0,,,,,,,,,,
29,143422.0,2.0,6.0,2.0,6.0,2.5,7.5,0.0,0.0,0.0,0.0
30,130811.0,10.0,0.9,10.0,0.9,0.0,0.0,4.0,0.36,0.0,0.0
31,195980.0,,,,,,,,,,
32,168749.0,3.38,4.86,3.45,4.97,3.35,4.81,3.46,4.97,3.83,5.5
33,142210.0,0.0,0.0,1.88,3.83,2.2,4.47,2.31,4.69,2.75,5.58
34,159892.0,4.14,5.27,4.02,5.12,3.89,4.95,3.86,4.92,3.85,4.9
35,164150.0,0.0,0.0,0.0,0.0,0.0,0.0,2.0,0.38,0.0,0.0
36,158191.0,4.72,4.72,4.64,4.64,4.65,4.65,4.7,4.7,4.65,4.65
37,194581.0,,,,,,,,,,
38,142255.0,3.52,4.48,3.2,4.08,3.25,4.13,3.3,4.2,3.43,4.37
39,199262.0,,,,,,,,,,
40,194416.0,,,,,,,,,,
41,190313.0,,,,,,,,,,
42,179338.0,0.0,0.0,0.0,0.0,0.0,0.0,9.0,2.7,0.0,0.0
43,190244.0,0.0,0.0,10.0,1.9,10.0,1.9,0.0,0.0,0.0,0.0
44,193100.0,,,,,,,,,,
45,190341.0,,,,,,,,,,
46,177332.0,0.0,0.0,2.97,6.03,2.81,5.7,0.0,0.0,2.81,5.7
47,188765.0,5.12,2.88,5.12,2.88,5.63,3.17,4.48,2.52,6.4,3.6
48,190723.0,,,,,,,,,,
49,182348.0,3.92,5.41,3.91,5.4,3.73,5.16,3.7,5.1,3.44,4.76
50,194398.0,,,,,,,,,,
51,181114.0,6.24,2.67,5.89,2.53,5.53,2.37,5.74,2.46,5.99,2.56
52,183854.0,4.95,4.05,4.96,4.06,4.53,3.71,5.03,4.11,5.02,4.1
53,191591.0,,,,,,,,,,
54,186342.0,,,,,,,,,,
55,200586.0,,,,,,,,,,
56,198329.0,,,,,,,,,,
57,202353.0,,,,,,,,,,
58,191633.0,2.8,7.2,2.46,6.32,2.34,6.03,2.39,6.16,2.24,5.76
59,200582.0,,,,,,,,,,
60,194723.0,,,,,,,,,,
61,196525.0,,,,,,,,,,
62,189141.0,3.87,5.81,3.62,5.44,3.54,5.31,3.58,5.37,3.61,5.41
63,192146.0,0.0,0.0,6.03,2.97,4.69,2.31,5.36,2.64,0.0,0.0
64,201218.0,,,,,,,,,,
65,110026.0,,,,,,,,,,
66,201669.0,,,,,,,,,,
67,199869.0,,,,,,,,,,
68,168972.0,,,,,,,,,,
69,10676.0,0.0,0.0,4.68,3.68,4.62,3.63,4.93,3.87,4.66,3.67
70,196581.0,,,,,,,,,,
71,200746.0,,,,,,,,,,
72,185935.0,,,,,,,,,,
73,194195.0,,,,,,,,,,
74,164956.0,0.0,0.0,8.0,1.2,8.0,1.2,0.0,0.0,0.0,0.0
75,195757.0,,,,,,,,,,
76,199236.0,,,,,,,,,,
77,173418.0,,,,,,,,,,
78,11003.0,,,,,,,,,,
79,96984.0,0.0,0.0,4.5,4.5,0.0,0.0,0.0,0.0,0.0,0.0
80,95473.0,0.0,0.0,5.0,1.05,0.0,0.0,0.0,0.0,0.0,0.0
81,183839.0,,,,,,,,,,
82,42869.0,,,,,,,,,,
83,168019.0,1.92,6.08,1.89,5.99,1.44,4.56,0.0,0.0,2.08,6.59
84,159863.0,1.42,4.25,1.78,5.33,2.25,6.75,0.5,1.5,0.0,0.0
85,37370.0,,,,,,,,,,
86,62341.0,,,,,,,,,,
87,179399.0,0.0,0.0,5.0,5.0,3.5,3.5,0.0,0.0,0.0,0.0
88,185150.0,0.0,0.0,3.0,6.08,3.3,6.7,2.31,4.69,0.0,0.0
89,171455.0,0.0,0.0,3.5,3.5,0.5,0.5,4.0,4.0,0.0,0.0
90,180385.0,5.03,2.48,6.03,2.97,0.0,0.0,0.0,0.0,0.0,0.0
91,174530.0,0.0,0.0,2.4,7.2,2.39,7.17,2.36,7.07,2.5,7.5
92,198607.0,,,,,,,,,,
93,200575.0,,,,,,,,,,
94,199406.0,0.0,0.0,6.67,1.4,0.0,0.0,8.0,1.68,10.0,2.1
95,192898.0,,,,,,,,,,
96,179307.0,2.76,6.75,2.58,6.33,2.59,6.34,2.67,6.53,2.59,6.33
97,177508.0,0.0,0.0,4.27,3.5,4.28,3.5,4.52,3.7,3.44,2.81
98,177400.0,,,,,,,,,,
99,175393.0,2.94,3.06,3.46,3.61,3.51,3.66,3.79,3.95,3.41,3.54
100,189001.0,4.93,3.87,4.89,3.84,5.02,3.94,5.04,3.96,4.91,3.86
101,166092.0,3.61,2.96,3.58,2.93,3.64,2.98,3.55,2.91,3.58,2.92
102,193970.0,2.5,7.5,2.5,7.5,2.0,6.0,0.0,0.0,0.0,0.0
103,107204.0,,,,,,,,,,
104,200784.0,,,,,,,,,,
105,154672.0,1.89,7.11,1.89,7.11,1.79,6.73,1.81,6.82,1.82,6.85
106,190729.0,,,,,,,,,,
107,191677.0,0.0,0.0,7.5,1.5,0.0,0.0,0.0,0.0,8.0,1.6
108,198749.0,,,,,,,,,,
109,191585.0,0.0,0.0,5.43,2.01,5.23,1.94,0.0,0.0,0.0,0.0
110,194870.0,,,,,,,,,,
111,200589.0,,,,,,,,,,
112,180025.0,2.64,3.36,3.11,3.95,3.28,4.17,3.39,4.32,3.1,3.94
113,152385.0,4.44,4.26,4.26,4.09,4.17,4.0,4.22,4.06,4.27,4.1
114,153620.0,1.9,5.39,1.86,5.29,2.27,6.46,1.78,5.08,2.39,6.81
115,189104.0,,,,,,,,,,
116,179879.0,,,,,,,,,,
117,179875.0,6.0,2.33,5.7,2.22,6.0,2.34,5.99,2.33,6.33,2.46
118,198754.0,0.0,0.0,3.3,6.7,3.08,6.25,3.3,6.7,2.64,5.36
119,181704.0,3.12,4.88,3.37,5.28,3.52,5.51,3.24,5.08,3.53,5.53
120,199876.0,,,,,,,,,,
121,199865.0,,,,,,,,,,
122,193570.0,,,,,,,,,,
123,192152.0,,,,,,,,,,
124,11547.0,,,,,,,,,,
125,167495.0,,,,,,,,,,
126,188471.0,,,,,,,,,,
127,159866.0,3.39,4.32,3.45,4.4,3.67,4.66,3.66,4.66,3.42,4.36
128,185933.0,2.35,2.76,2.66,3.13,2.99,3.51,3.3,3.87,3.17,3.72
129,202609.0,,,,,,,,,,
130,191998.0,,,,,,,,,,
131,199428.0,,,,,,,,,,
132,195105.0,,,,,,,,,,
133,207762.0,,,,,,,,,,
134,189357.0,,,,,,,,,,
135,159167.0,,,,,,,,,,
136,192624.0,0.0,0.0,4.17,4.17,5.0,5.0,0.0,0.0,3.0,3.0
137,198414.0,,,,,,,,,,
138,129407.0,,,,,,,,,,
139,197283.0,,,,,,,,,,
140,172118.0,2.7,7.3,2.54,6.87,2.41,6.52,2.41,6.5,2.29,6.21
141,181965.0,,,,,,,,,,
142,192148.0,,,,,,,,,,
143,193170.0,,,,,,,,,,
144,178143.0,,,,,,,,,,
145,193868.0,,,,,,,,,,
146,196389.0,,,,,,,,,,
147,155406.0,,,,,,,,,,
148,150657.0,,,,,,,,,,
149,30782.0,,,,,,,,,,
150,191560.0,,,,,,,,,,
151,52593.0,,,,,,,,,,
152,162148.0,0.0,0.0,2.34,6.33,2.56,6.93,2.7,7.3,2.16,5.84
153,154508.0,2.02,4.49,2.53,5.64,2.49,5.55,2.6,5.78,2.48,5.52
154,168405.0,2.17,4.83,2.17,4.83,2.59,5.77,2.49,5.54,2.38,5.29
155,159805.0,1.58,2.09,2.89,3.83,3.13,4.14,2.93,3.88,3.02,4.01
156,187366.0,0.0,0.0,2.14,5.77,2.14,5.77,2.16,5.83,1.89,5.11
157,188874.0,,,,,,,,,,
158,189260.0,2.92,3.58,3.31,4.05,3.05,3.73,3.15,3.85,3.69,4.51
159,56447.0,,,,,,,,,,
160,182049.0,,,,,,,,,,
161,193974.0,,,,,,,,,,
162,191940.0,,,,,,,,,,
163,187548.0,,,,,,,,,,
164,188469.0,,,,,,,,,,
165,164936.0,,,,,,,,,,
166,193870.0,,,,,,,,,,
167,140656.0,0.0,0.0,3.98,3.52,4.41,3.92,4.41,3.92,3.01,2.66
168,208974.0,,,,,,,,,,
169,130708.0,,,,,,,,,,
170,196978.0,,,,,,,,,,
171,196808.0,,,,,,,,,,
172,197281.0,,,,,,,,,,
173,170860.0,0.0,0.0,0.0,0.0,0.0,0.0,8.0,1.92,0.0,0.0
174,192141.0,,,,,,,,,,
175,168045.0,0.0,0.0,3.75,4.77,3.92,4.98,3.89,4.96,3.78,4.81
176,182360.0,3.35,6.51,3.23,6.28,3.2,6.22,3.09,5.99,3.13,6.07
177,96951.0,5.11,2.75,4.26,2.3,4.42,2.38,4.63,2.5,4.73,2.55
178,181381.0,5.08,4.16,4.83,3.95,4.85,3.97,4.86,3.97,4.77,3.91
179,179482.0,2.71,6.98,2.61,6.72,2.51,6.45,2.48,6.39,2.44,6.28
180,185838.0,5.15,4.05,4.58,3.6,4.41,3.47,4.26,3.35,4.36,3.42
181,178544.0,3.91,4.24,3.63,3.94,3.9,4.23,3.86,4.19,3.98,4.31
182,196570.0,0.0,0.0,10.0,2.7,0.0,0.0,9.0,2.43,0.0,0.0
183,195590.0,,,,,,,,,,
184,155399.0,,,,,,,,,,
185,195417.0,,,,,,,,,,
186,195982.0,,,,,,,,,,
187,180390.0,4.37,3.73,4.71,4.01,4.56,3.89,4.32,3.68,4.7,4.01
188,165828.0,,,,,,,,,,
189,178526.0,4.88,4.68,4.65,4.46,4.58,4.41,4.63,4.44,4.55,4.37
190,154029.0,4.1,5.9,3.58,5.15,3.71,5.34,3.66,5.26,3.87,5.57
191,189000.0,4.41,4.41,4.53,4.53,4.5,4.5,4.41,4.41,4.17,4.17
192,181703.0,,,,,,,,,,
193,76960.0,0.0,0.0,5.91,2.66,5.98,2.68,6.07,2.72,5.38,2.41
194,196380.0,,,,,,,,,,
195,193686.0,,,,,,,,,,
196,184520.0,,,,,,,,,,
197,194884.0,,,,,,,,,,
198,186614.0,,,,,,,,,,
199,107072.0,,,,,,,,,,
200,195431.0,,,,,,,,,,
201,92001.0,,,,,,,,,,
202,193173.0,,,,,,,,,,
203,186613.0,3.06,6.2,3.06,6.21,2.95,6.0,2.95,5.99,3.0,6.09
204,102802.0,,,,,,,,,,
205,172789.0,,,,,,,,,,
206,212271.0,,,,,,,,,,
207,192480.0,,,,,,,,,,
208,74902.0,,,,,,,,,,
209,187349.0,4.48,3.52,4.48,3.52,4.28,3.37,4.35,3.41,4.55,3.58
210,188057.0,,,,,,,,,,
211,195092.0,,,,,,,,,,
212,183110.0,2.8,2.03,4.54,3.28,4.81,3.48,5.12,3.7,4.36,3.16
213,179719.0,,,,,,,,,,
214,186611.0,,,,,,,,,,
215,194321.0,,,,,,,,,,
216,209442.0,,,,,,,,,,
217,85578.0,1.62,1.68,2.98,3.1,2.84,2.95,3.11,3.23,3.29,3.42
218,174807.0,4.1,5.9,3.22,4.63,3.32,4.78,3.28,4.72,3.23,4.65
219,175365.0,0.0,0.0,1.58,6.75,1.43,6.09,1.47,6.27,0.0,0.0
220,177975.0,0.0,0.0,0.0,0.0,0.0,0.0,9.0,2.25,0.0,0.0
221,154986.0,0.0,0.0,3.87,5.13,2.87,3.8,0.0,0.0,0.0,0.0
222,202670.0,,,,,,,,,,
223,189961.0,,,,,,,,,,
224,193833.0,,,,,,,,,,
225,192486.0,,,,,,,,,,
226,201657.0,,,,,,,,,,
227,202535.0,,,,,,,,,,
228,177510.0,3.2,1.8,3.45,1.94,3.36,1.89,2.56,1.44,1.49,0.84
229,190447.0,0.0,0.0,5.0,5.0,5.0,5.0,5.0,5.0,0.0,0.0
230,203213.0,,,,,,,,,,
231,181046.0,2.0,8.0,1.87,7.46,1.4,5.6,0.0,0.0,0.0,0.0
232,159070.0,3.29,3.71,3.5,3.94,3.48,3.92,3.37,3.79,3.69,4.17
233,168508.0,,,,,,,,,,
234,174294.0,0.0,0.0,5.01,2.82,6.4,3.6,6.4,3.6,5.44,3.06
235,164104.0,1.54,8.08,1.55,8.14,1.49,7.85,1.56,8.19,1.28,6.72
236,198774.0,,,,,,,,,,
237,181541.0,,,,,,,,,,
238,63850.0,,,,,,,,,,
239,189537.0,3.27,2.09,4.1,2.62,4.39,2.81,4.47,2.86,4.99,3.19
240,197339.0,,,,,,,,,,
241,177374.0,3.8,5.48,3.75,5.4,3.74,5.37,3.76,5.4,3.78,5.43
242,169078.0,3.42,5.58,2.93,4.77,2.67,4.36,2.68,4.37,2.85,4.65
243,172795.0,,,,,,,,,,
244,181971.0,,,,,,,,,,
245,186821.0,4.63,5.23,3.99,4.5,3.83,4.32,3.96,4.46,3.93,4.43
246,182355.0,5.44,3.33,5.54,3.4,5.51,3.38,5.33,3.27,5.33,3.27
247,182017.0,,,,,,,,,,
248,185340.0,,,,,,,,,,
249,194802.0,,,,,,,,,,
250,194803.0,,,,,,,,,,
251,191002.0,,,,,,,,,,
252,193856.0,,,,,,,,,,
253,190720.0,0.0,0.0,6.24,2.8,6.09,2.74,5.38,2.42,5.87,2.63
254,194318.0,,,,,,,,,,
255,193488.0,,,,,,,,,,
256,194726.0,,,,,,,,,,
257,192481.0,,,,,,,,,,
258,174808.0,,,,,,,,,,
259,192027.0,,,,,,,,,,
260,193921.0,,,,,,,,,,
261,176306.0,5.71,2.94,5.68,2.92,5.59,2.88,5.43,2.79,5.53,2.85
262,74407.0,7.43,1.97,6.8,1.81,6.26,1.66,6.71,1.78,6.32,1.68
263,191918.0,,,,,,,,,,
264,181695.0,,,,,,,,,,
265,189712.0,0.0,0.0,0.0,0.0,5.0,1.1,0.0,0.0,0.0,0.0
266,193828.0,,,,,,,,,,
267,12781.0,,,,,,,,,,
268,190806.0,,,,,,,,,,
269,193827.0,,,,,,,,,,
270,193079.0,,,,,,,,,,
271,199586.0,,,,,,,,,,
272,177509.0,4.48,3.52,4.09,3.21,4.44,3.48,4.3,3.37,4.23,3.33
273,127858.0,3.08,6.25,2.89,5.87,2.85,5.79,2.82,5.72,0.0,0.0
274,24008.0,,,,,,,,,,
275,39640.0,2.99,6.67,2.89,6.42,2.86,6.36,2.91,6.48,2.82,6.27
276,83410.0,,,,,,,,,,
277,193862.0,,,,,,,,,,
278,191759.0,,,,,,,,,,
279,35012.0,,,,,,,,,,
280,193124.0,,,,,,,,,,
281,183876.0,4.72,3.87,4.76,3.89,4.76,3.89,4.82,3.95,4.64,3.79
282,191518.0,,,,,,,,,,
283,185131.0,2.82,6.89,2.83,6.93,2.87,7.04,2.86,7.01,2.9,7.1
284,171540.0,,,,,,,,,,
285,191916.0,,,,,,,,,,
286,172113.0,5.13,3.87,5.2,3.93,5.23,3.95,5.13,3.87,5.13,3.87
287,175318.0,6.2,3.05,5.57,2.74,5.39,2.66,5.86,2.89,6.2,3.05
288,192361.0,,,,,,,,,,
289,140648.0,,,,,,,,,,
290,191686.0,,,,,,,,,,
291,30775.0,,,,,,,,,,
292,146534.0,4.87,4.87,4.77,4.77,4.84,4.84,4.79,4.79,4.76,4.76
293,165022.0,5.6,4.4,5.16,4.05,5.07,3.99,4.9,3.85,5.1,4.01
294,154419.0,2.9,7.1,2.28,5.59,2.31,5.67,2.32,5.68,2.23,5.47
295,34090.0,,,,,,,,,,
296,193864.0,,,,,,,,,,
297,191923.0,,,,,,,,,,
298,182387.0,2.41,7.24,2.35,7.05,2.27,6.8,2.15,6.43,2.06,6.2
299,189053.0,5.33,4.36,4.8,3.93,4.85,3.97,4.8,3.92,4.68,3.83
300,190026.0,1.76,6.24,2.18,7.75,2.08,7.37,2.2,7.8,2.2,7.8
301,187318.0,,,,,,,,,,
302,191641.0,,,,,,,,,,
303,191913.0,,,,,,,,,,
304,182046.0,,,,,,,,,,
305,173653.0,4.42,5.18,4.53,5.31,4.52,5.31,4.51,5.3,4.49,5.27
306,179430.0,3.36,3.64,3.81,4.13,4.32,4.68,3.84,4.16,0.0,0.0
307,132946.0,3.6,6.4,3.1,5.5,3.18,5.64,3.1,5.51,3.48,6.19
308,19302.0,,,,,,,,,,
309,,,,,,,,,,,
310,57412.0,,,,,,,,,,
311,103774.0,,,,,,,,,,
312,18782.0,,,,,,,,,,
313,189112.0,,,,,,,,,,
314,191932.0,,,,,,,,,,
315,164172.0,3.84,5.3,3.71,5.13,3.65,5.05,3.57,4.92,3.62,5.01
316,180381.0,2.09,6.99,1.92,6.44,1.88,6.31,1.99,6.66,2.15,7.21
317,188761.0,,,,,,,,,,
318,170475.0,,,,,,,,,,
319,193863.0,,,,,,,,,,
320,189971.0,,,,,,,,,,
321,182205.0,4.11,4.82,3.93,4.61,3.97,4.67,3.86,4.54,3.69,4.34
322,175404.0,0.0,0.0,3.31,4.21,3.44,4.37,2.36,3.0,2.57,3.26
323,168725.0,,,,,,,,,,
324,190597.0,,,,,,,,,,
325,180374.0,2.33,7.38,2.17,6.89,2.16,6.85,2.14,6.79,2.09,6.62
326,177381.0,4.49,4.31,3.44,3.3,3.7,3.56,3.92,3.77,0.0,0.0
327,171515.0,,,,,,,,,,
328,174797.0,0.0,0.0,4.58,4.58,4.65,4.65,4.48,4.48,4.74,4.74
329,189111.0,0.0,0.0,3.67,5.28,3.82,5.49,3.88,5.58,3.88,5.59
330,49230.0,,,,,,,,,,
331,198564.0,,,,,,,,,,
332,189049.0,,,,,,,,,,
333,182014.0,2.75,3.5,3.34,4.25,3.49,4.45,3.41,4.34,3.19,4.06
334,188056.0,3.42,5.58,3.44,5.6,3.37,5.5,3.34,5.44,3.25,5.31
335,175316.0,3.64,4.44,3.77,4.61,3.85,4.7,3.65,4.46,3.79,4.63
336,164968.0,0.0,0.0,8.0,2.0,0.0,0.0,0.0,0.0,0.0,0.0
337,164155.0,2.77,4.53,2.82,4.59,3.04,4.96,3.28,5.36,2.78,4.53
338,201288.0,,,,,,,,,,
339,187828.0,,,,,,,,,,
340,185272.0,,,,,,,,,,
341,172458.0,,,,,,,,,,
342,157052.0,,,,,,,,,,
343,154298.0,5.6,1.4,7.32,1.83,6.81,1.7,7.05,1.76,6.89,1.72
344,142266.0,4.1,5.9,3.19,4.6,2.78,3.99,3.14,4.51,3.11,4.47
345,206634.0,,,,,,,,,,
346,189670.0,,,,,,,,,,
347,191613.0,,,,,,,,,,
348,172392.0,,,,,,,,,,
349,201959.0,,,,,,,,,,
350,179158.0,2.86,4.66,2.88,4.71,2.98,4.86,3.07,5.02,3.13,5.1
351,187526.0,4.0,6.0,3.34,5.02,3.36,5.05,3.29,4.93,3.44,5.16
352,192608.0,,,,,,,,,,
353,184915.0,,,,,,,,,,
354,188990.0,,,,,,,,,,
355,142699.0,4.42,4.42,4.33,4.33,4.28,4.28,4.38,4.38,4.54,4.54
356,104283.0,,,,,,,,,,
357,179976.0,,,,,,,,,,
358,182084.0,,,,,,,,,,
359,188045.0,,,,,,,,,,
360,196950.0,,,,,,,,,,
361,190004.0,,,,,,,,,,
362,203220.0,,,,,,,,,,
363,192611.0,,,,,,,,,,
364,174301.0,4.48,4.67,4.49,4.68,4.41,4.59,4.35,4.52,4.21,4.38
365,189337.0,,,,,,,,,,
366,150637.0,4.38,3.45,4.6,3.61,4.53,3.56,4.55,3.58,4.68,3.67
367,140696.0,3.01,3.14,3.19,3.33,3.46,3.61,3.08,3.21,3.43,3.57
368,181912.0,2.86,6.07,2.99,6.34,2.95,6.26,2.33,4.94,2.7,5.74
369,168086.0,0.0,0.0,1.47,5.53,1.77,6.68,1.84,6.91,0.0,0.0
370,179975.0,,,,,,,,,,
371,168044.0,,,,,,,,,,
372,99470.0,,,,,,,,,,
373,171750.0,0.86,0.14,3.16,0.51,5.16,0.84,7.31,1.19,0.0,0.0
374,167374.0,2.8,4.2,3.27,4.9,3.38,5.06,3.2,4.8,3.6,5.4
375,192483.0,,,,,,,,,,
376,169241.0,,,,,,,,,,
377,192482.0,,,,,,,,,,
378,86137.0,,,,,,,,,,
379,162173.0,4.05,5.37,4.07,5.4,4.11,5.44,4.07,5.4,4.03,5.34
380,146506.0,3.39,3.97,3.28,3.85,3.36,3.95,3.52,4.14,3.57,4.2
381,121303.0,0.0,0.0,9.0,0.0,0.0,0.0,0.0,0.0,0.0,0.0
382,137008.0,2.24,2.34,2.11,2.19,2.11,2.2,2.46,2.56,2.22,2.32
383,154112.0,4.37,4.37,4.21,4.21,3.94,3.94,3.83,3.83,3.75,3.75
384,134895.0,3.54,5.32,3.32,4.98,3.22,4.82,3.3,4.94,3.34,5.0
385,144280.0,3.44,4.96,3.29,4.74,3.23,4.64,3.35,4.83,3.4,4.9
386,146469.0,4.41,5.18,4.3,5.05,4.23,4.97,4.22,4.96,4.21,4.95
387,127382.0,4.16,4.33,4.15,4.32,4.2,4.37,4.3,4.47,4.3,4.48
388,142384.0,4.27,5.02,4.08,4.8,3.99,4.68,4.06,4.77,4.1,4.82
389,146530.0,0.0,0.0,2.74,6.71,2.56,6.26,2.03,4.97,2.32,5.68
390,142459.0,,,,,,,,,,
391,143473.0,4.61,4.61,4.29,4.29,4.14,4.14,4.32,4.32,4.23,4.23
392,142304.0,0.0,0.0,5.53,4.17,5.45,4.12,5.16,3.89,5.3,4.0
393,175040.0,3.24,5.76,3.17,5.63,3.3,5.88,3.6,6.4,3.24,5.76
394,13895.0,,,,,,,,,,
395,174627.0,0.0,0.0,1.5,4.5,2.0,6.0,1.5,4.5,0.0,0.0
396,144266.0,5.23,3.48,4.87,3.24,4.84,3.22,4.83,3.22,4.82,3.22
397,172805.0,,,,,,,,,,
398,194730.0,,,,,,,,,,
399,193601.0,,,,,,,,,,
400,154270.0,5.22,3.78,4.64,3.36,4.93,3.57,5.8,4.2,4.83,3.5
401,187336.0,,,,,,,,,,
402,168013.0,,,,,,,,,,
403,168042.0,,,,,,,,,,
404,149059.0,5.8,4.2,4.79,3.46,4.99,3.61,4.81,3.48,4.93,3.57
405,164139.0,5.18,4.24,4.85,3.96,4.74,3.88,4.83,3.95,4.81,3.94
406,10922.0,3.12,4.88,3.6,5.62,3.54,5.53,3.41,5.34,3.12,4.88
407,39893.0,,,,,,,,,,
408,167603.0,,,,,,,,,,
409,179866.0,,,,,,,,,,
410,181210.0,,,,,,,,,,
411,56631.0,,,,,,,,,,
412,10062.0,,,,,,,,,,
413,180026.0,,,,,,,,,,
414,146508.0,2.56,6.27,2.46,6.02,2.51,6.15,2.42,5.93,2.28,5.57
415,160721.0,3.52,4.67,3.82,5.07,3.82,5.06,3.65,4.84,3.98,5.27
416,141206.0,2.52,4.29,2.75,4.68,2.67,4.55,2.91,4.96,2.86,4.86
417,157974.0,5.7,4.3,4.41,3.32,3.8,2.87,4.12,3.11,0.0,0.0
418,63969.0,0.0,0.0,9.0,2.43,8.0,2.16,10.0,2.7,9.0,2.43
419,58333.0,,,,,,,,,,
420,99664.0,,,,,,,,,,
421,168298.0,4.47,4.85,4.35,4.72,4.26,4.62,4.18,4.52,4.21,4.56
422,38823.0,,,,,,,,,,
423,140652.0,4.34,5.09,4.2,4.92,3.99,4.69,3.98,4.67,3.92,4.61
424,168069.0,,,,,,,,,,
425,83214.0,,,,,,,,,,
426,163711.0,,,,,,,,,,
427,186402.0,,,,,,,,,,
428,179327.0,,,,,,,,,,
429,193041.0,,,,,,,,,,
430,146524.0,4.42,4.42,4.15,4.15,4.05,4.05,4.11,4.11,4.12,4.12
431,153652.0,4.23,5.17,4.13,5.04,3.98,4.87,3.91,4.78,3.85,4.7
432,120165.0,2.83,5.26,2.91,5.41,2.77,5.14,2.94,5.46,2.92,5.43
433,172085.0,,,,,,,,,,
434,200404.0,,,,,,,,,,
435,41350.0,,,,,,,,,,
436,74315.0,,,,,,,,,,
437,93728.0,,,,,,,,,,
438,167105.0,4.72,4.18,4.6,4.07,4.5,3.99,4.41,3.91,4.51,4.0
439,91073.0,,,,,,,,,,
440,76080.0,,,,,,,,,,
441,82906.0,,,,,,,,,,
442,164173.0,2.76,4.31,2.82,4.41,2.65,4.15,2.85,4.45,2.89,4.52
443,165748.0,3.61,3.92,3.57,3.87,3.65,3.96,3.67,3.97,3.42,3.7
444,84899.0,,,,,,,,,,
445,110246.0,,,,,,,,,,
446,182163.0,,,,,,,,,,
447,159716.0,0.0,0.0,2.21,6.29,2.47,7.03,2.6,7.4,0.0,0.0
448,164151.0,3.6,4.4,3.78,4.61,3.65,4.46,3.91,4.78,3.66,4.47
449,92536.0,,,,,,,,,,
450,10101.0,2.5,7.5,2.5,7.5,2.38,7.12,0.0,0.0,0.0,0.0
451,148946.0,0.0,0.0,1.04,6.36,1.01,6.22,1.04,6.41,1.4,8.6
452,159877.0,1.57,2.07,2.74,3.63,2.9,3.85,2.75,3.64,2.91,3.86
453,155716.0,4.57,4.57,4.29,4.29,4.13,4.13,4.14,4.14,4.13,4.13
454,173103.0,,,,,,,,,,
455,168083.0,,,,,,,,,,
456,47115.0,,,,,,,,,,
457,30317.0,,,,,,,,,,
458,186603.0,,,,,,,,,,
459,72930.0,,,,,,,,,,
460,182045.0,,,,,,,,,,
461,175792.0,,,,,,,,,,
462,159848.0,4.25,5.0,4.03,4.73,4.02,4.72,3.97,4.65,4.16,4.88
463,159146.0,0.0,0.0,3.55,5.78,3.49,5.69,3.8,6.2,2.74,4.46
464,145292.0,4.94,4.2,4.78,4.08,4.6,3.92,4.53,3.86,4.74,4.04
465,186092.0,,,,,,,,,,
466,167099.0,3.71,2.79,4.16,3.14,4.38,3.31,4.2,3.16,4.25,3.2
467,92125.0,8.3,1.7,7.49,1.54,7.35,1.51,7.35,1.51,7.64,1.56
468,192479.0,,,,,,,,,,
469,184234.0,,,,,,,,,,
470,183286.0,,,,,,,,,,
471,184233.0,,,,,,,,,,
472,177943.0,,,,,,,,,,
473,65290.0,,,,,,,,,,
474,53065.0,,,,,,,,,,
475,144215.0,4.29,3.96,4.2,3.87,4.1,3.78,4.17,3.85,4.33,3.99
476,184239.0,,,,,,,,,,
477,192478.0,,,,,,,,,,
478,171024.0,,,,,,,,,,
479,31801.0,3.04,4.96,3.58,5.85,3.8,6.2,3.61,5.89,3.42,5.58
480,154625.0,0.0,0.0,4.03,4.19,4.25,4.42,4.49,4.68,4.41,4.59
481,168172.0,0.0,0.0,5.01,4.27,4.82,4.1,4.86,4.14,2.7,2.3
482,159747.0,1.92,6.08,1.8,5.7,2.11,6.67,2.4,7.6,2.2,6.97
483,37853.0,,,,,,,,,,
484,37919.0,,,,,,,,,,
485,83528.0,0.0,0.0,4.5,4.5,4.17,4.17,5.0,5.0,0.0,0.0
486,172798.0,0.0,0.0,2.3,7.7,2.16,7.22,1.91,6.38,0.0,0.0
487,161944.0,,,,,,,,,,
488,169899.0,0.0,0.0,0.0,0.0,4.0,4.0,4.0,4.0,4.5,4.5
489,160009.0,0.0,0.0,5.07,4.68,4.94,4.56,4.94,4.56,5.03,4.64
490,148773.0,,,,,,,,,,
491,39399.0,,,,,,,,,,
492,140072.0,,,,,,,,,,
493,179840.0,0.0,0.0,1.53,7.47,1.02,4.98,1.7,8.3,1.36,6.64
494,162265.0,0.0,0.0,2.38,7.12,2.12,6.38,0.0,0.0,0.0,0.0
495,75744.0,4.1,5.9,3.63,5.23,3.76,5.41,3.28,4.72,0.0,0.0
496,42841.0,,,,,,,,,,
497,72337.0,,,,,,,,,,
498,154981.0,4.68,4.32,4.13,3.82,3.94,3.63,0.0,0.0,0.0,0.0
499,146566.0,0.0,0.0,4.41,4.24,3.35,3.22,4.15,3.99,4.42,4.25
500,159827.0,3.29,3.71,3.47,3.92,3.55,4.0,3.81,4.3,4.46,5.04
501,175727.0,0.0,0.0,1.95,7.32,1.97,7.41,1.9,7.14,1.88,7.06
502,162423.0,0.0,0.0,5.02,4.28,4.46,3.79,4.32,3.68,3.78,3.22
503,159670.0,0.0,0.0,0.0,0.0,1.32,2.68,1.32,2.68,3.3,6.7
504,172040.0,5.82,3.42,5.75,3.37,5.27,3.1,5.92,3.48,5.04,2.96
505,159731.0,0.0,0.0,2.86,7.0,2.32,5.68,2.55,6.25,0.0,0.0
506,167107.0,2.08,7.37,2.08,7.37,2.1,7.43,1.95,6.92,2.12,7.5
507,75378.0,2.0,8.0,2.0,8.0,1.75,7.0,0.0,0.0,0.0,0.0
508,172031.0,,,,,,,,,,
509,54970.0,0.0,0.0,2.97,6.03,2.75,5.58,2.97,6.03,0.0,0.0
510,163363.0,,,,,,,,,,
511,159894.0,2.4,4.27,3.24,5.76,3.09,5.5,3.0,5.33,3.34,5.95
512,177277.0,,,,,,,,,,
513,18419.0,,,,,,,,,,
514,172770.0,,,,,,,,,,
515,192477.0,,,,,,,,,,
516,184237.0,,,,,,,,,,
517,153580.0,0.0,0.0,4.42,2.83,3.96,2.53,4.83,3.09,4.68,2.99
518,181104.0,7.3,2.7,5.87,2.17,5.35,1.98,5.4,2.0,5.84,2.16
519,184323.0,,,,,,,,,,
520,142739.0,2.86,3.1,3.14,3.4,3.36,3.64,3.12,3.37,3.24,3.51
521,99752.0,3.79,3.79,3.65,3.65,3.65,3.65,3.68,3.68,3.75,3.75
522,167787.0,2.02,7.61,2.03,7.65,1.98,7.43,1.88,7.08,2.01,7.56
523,159311.0,2.84,6.04,2.96,6.3,2.94,6.25,2.92,6.22,2.6,5.52
524,184216.0,,,,,,,,,,
525,180907.0,,,,,,,,,,
526,192476.0,,,,,,,,,,
527,170851.0,,,,,,,,,,
528,192473.0,,,,,,,,,,
529,192630.0,,,,,,,,,,
530,192475.0,,,,,,,,,,
531,192474.0,,,,,,,,,,
532,177771.0,,,,,,,,,,
533,154653.0,0.0,0.0,1.91,7.2,1.91,7.19,1.78,6.71,1.65,6.21
534,163533.0,4.41,4.41,4.29,4.29,4.28,4.28,4.37,4.37,4.38,4.38
535,152686.0,,,,,,,,,,
536,172341.0,,,,,,,,,,
537,164106.0,4.27,4.45,3.96,4.13,3.95,4.11,4.08,4.24,4.11,4.27
538,152274.0,,,,,,,,,,
539,152680.0,6.3,2.7,6.08,2.6,6.4,2.74,6.2,2.66,5.95,2.55
540,167602.0,0.0,0.0,2.3,5.91,2.18,5.62,0.0,0.0,2.8,7.2
541,113129.0,,,,,,,,,,
542,98214.0,,,,,,,,,,
543,183108.0,,,,,,,,,,
544,179900.0,,,,,,,,,,
545,184202.0,,,,,,,,,,
546,159342.0,,,,,,,,,,
547,165638.0,,,,,,,,,,
548,184303.0,,,,,,,,,,
549,210874.0,,,,,,,,,,
550,165637.0,,,,,,,,,,
551,159341.0,,,,,,,,,,
552,85140.0,,,,,,,,,,
553,103577.0,,,,,,,,,,
554,136547.0,,,,,,,,,,
555,121799.0,,,,,,,,,,
556,16707.0,,,,,,,,,,
557,88431.0,,,,,,,,,,
558,152344.0,5.9,4.1,4.35,3.02,4.02,2.8,4.29,2.98,4.68,3.26
559,192472.0,,,,,,,,,,
560,182599.0,,,,,,,,,,
561,182051.0,,,,,,,,,,
562,190056.0,,,,,,,,,,
563,163817.0,,,,,,,,,,
564,173833.0,0.0,0.0,3.6,4.97,3.36,4.64,3.36,4.64,2.52,3.48
565,137011.0,,,,,,,,,,
566,158117.0,,,,,,,,,,
567,99700.0,,,,,,,,,,
568,121034.0,,,,,,,,,,
569,181295.0,,,,,,,,,,
570,111991.0,,,,,,,,,,
571,107365.0,,,,,,,,,,
572,144983.0,,,,,,,,,,
573,168068.0,,,,,,,,,,
574,43310.0,,,,,,,,,,
575,182047.0,,,,,,,,,,
576,171531.0,,,,,,,,,,
577,157297.0,3.89,2.82,4.15,3.0,4.12,2.98,4.18,3.03,4.42,3.2
578,172420.0,3.22,4.82,3.17,4.75,3.07,4.6,3.22,4.82,3.6,5.4
579,181926.0,,,,,,,,,,
580,152669.0,0.0,0.0,0.0,0.0,7.0,2.03,0.0,0.0,8.0,2.32
581,154437.0,2.5,6.42,2.54,6.54,2.6,6.67,2.58,6.63,2.58,6.63
582,179317.0,,,,,,,,,,
583,182057.0,,,,,,,,,,
584,163744.0,0.0,0.0,10.0,1.7,0.0,0.0,0.0,0.0,0.0,0.0
585,140010.0,2.93,5.0,3.16,5.38,2.99,5.08,3.12,5.31,2.99,5.09
586,170581.0,,,,,,,,,,
587,168026.0,,,,,,,,,,
588,179871.0,,,,,,,,,,
589,182729.0,,,,,,,,,,
590,153687.0,4.08,3.61,4.13,3.67,4.14,3.68,4.2,3.73,4.3,3.81
591,96967.0,,,,,,,,,,
592,134880.0,,,,,,,,,,
593,192471.0,,,,,,,,,,
594,175362.0,,,,,,,,,,
595,111574.0,,,,,,,,,,
596,173884.0,0.0,0.0,3.24,6.59,3.03,6.14,2.64,5.36,0.0,0.0
597,179012.0,,,,,,,,,,
598,167697.0,3.81,5.26,3.62,5.0,3.62,5.0,3.61,4.99,3.53,4.87
599,179097.0,,,,,,,,,,
600,176622.0,0.0,0.0,0.0,0.0,8.0,0.72,0.0,0.0,0.0,0.0
601,167056.0,,,,,,,,,,
602,172980.0,0.0,0.0,0.0,0.0,7.12,2.38,7.12,2.38,0.0,0.0
603,178054.0,,,,,,,,,,
604,182005.0,,,,,,,,,,
605,143416.0,3.44,5.87,3.26,5.54,3.21,5.46,3.17,5.4,3.06,5.21
606,171475.0,,,,,,,,,,
607,156417.0,2.47,6.05,2.49,6.1,2.14,5.25,2.61,6.39,2.9,7.1
608,153279.0,2.02,7.18,1.84,6.54,1.92,6.81,1.91,6.75,1.69,5.98
609,145342.0,,,,,,,,,,
610,178097.0,3.73,5.37,3.74,5.38,3.79,5.46,3.8,5.47,3.74,5.39
611,172752.0,,,,,,,,,,
612,127394.0,,,,,,,,,,
613,165321.0,2.17,6.16,1.95,5.55,2.07,5.88,2.15,6.12,2.11,6.0
614,126133.0,,,,,,,,,,
615,92530.0,,,,,,,,,,
616,149730.0,,,,,,,,,,
617,158652.0,0.0,0.0,3.22,6.53,3.3,6.7,2.64,5.36,0.0,0.0
618,174596.0,,,,,,,,,,
619,132631.0,,,,,,,,,,
620,145805.0,,,,,,,,,,
621,176733.0,,,,,,,,,,
622,49862.0,,,,,,,,,,
623,113340.0,,,,,,,,,,
624,127461.0,,,,,,,,,,
625,181574.0,,,,,,,,,,
626,177134.0,,,,,,,,,,
627,172447.0,,,,,,,,,,
628,155715.0,3.24,5.08,2.6,4.07,3.06,4.78,2.68,4.18,2.8,4.37
629,159830.0,5.91,3.78,5.05,3.23,5.01,3.21,4.88,3.12,5.23,3.34
630,199864.0,,,,,,,,,,
631,158124.0,,,,,,,,,,
632,89009.0,,,,,,,,,,
633,168059.0,0.0,0.0,4.0,6.0,3.6,5.4,4.0,6.0,0.0,0.0
634,182513.0,,,,,,,,,,
635,177397.0,,,,,,,,,,
636,178751.0,,,,,,,,,,
637,195681.0,0.0,0.0,4.5,4.5,0.0,0.0,0.0,0.0,0.0,0.0
638,179868.0,,,,,,,,,,
639,168479.0,0.0,0.0,0.0,0.0,0.0,0.0,10.0,1.1,0.0,0.0
640,176902.0,,,,,,,,,,
641,171538.0,,,,,,,,,,
642,168018.0,,,,,,,,,,
643,192470.0,,,,,,,,,,
644,31234.0,,,,,,,,,,
645,142324.0,3.92,2.41,4.5,2.75,4.96,3.04,4.96,3.04,0.0,0.0
646,156091.0,3.0,3.0,4.46,4.46,4.41,4.41,3.95,3.95,4.61,4.61
647,175099.0,,,,,,,,,,
648,148847.0,,,,,,,,,,
649,180005.0,,,,,,,,,,
650,182597.0,,,,,,,,,,
651,157500.0,1.67,6.66,1.55,6.22,1.58,6.34,1.68,6.7,2.0,8.0
652,133129.0,3.88,4.38,3.7,4.18,3.79,4.27,3.79,4.28,3.89,4.38
653,140731.0,5.43,3.94,5.37,3.89,5.3,3.83,5.17,3.74,5.23,3.79
654,172167.0,,,,,,,,,,
655,172769.0,,,,,,,,,,
656,113624.0,,,,,,,,,,
657,109906.0,2.37,2.27,2.28,2.19,2.93,2.82,3.14,3.01,3.37,3.23
658,171490.0,1.96,5.04,2.53,6.49,2.22,5.72,2.37,6.09,2.3,5.9
659,163846.0,,,,,,,,,,
660,47174.0,,,,,,,,,,
661,167581.0,,,,,,,,,,
662,178096.0,,,,,,,,,,
663,169218.0,,,,,,,,,,
664,128293.0,,,,,,,,,,
665,133424.0,3.92,5.88,3.39,5.08,3.34,5.02,3.38,5.06,3.29,4.94
666,172771.0,,,,,,,,,,
667,191370.0,,,,,,,,,,
668,57723.0,0.0,0.0,5.19,3.75,5.57,4.03,5.22,3.78,5.57,4.03
669,36344.0,,,,,,,,,,
670,58085.0,,,,,,,,,,
671,35628.0,,,,,,,,,,
672,32610.0,,,,,,,,,,
673,48747.0,,,,,,,,,,
674,66510.0,,,,,,,,,,
675,191367.0,,,,,,,,,,
676,37235.0,,,,,,,,,,
677,34501.0,,,,,,,,,,
678,73285.0,,,,,,,,,,
679,89873.0,,,,,,,,,,
680,146407.0,6.03,2.97,4.98,2.46,4.9,2.42,4.74,2.33,4.93,2.43
681,35939.0,5.0,5.0,4.81,4.81,5.0,5.0,5.0,5.0,0.0,0.0
682,37261.0,,,,,,,,,,
683,49529.0,,,,,,,,,,
684,121090.0,3.32,4.39,3.29,4.37,3.28,4.34,3.32,4.41,3.25,4.31
685,91391.0,,,,,,,,,,
686,35938.0,,,,,,,,,,
687,89606.0,,,,,,,,,,
688,34971.0,,,,,,,,,,
689,36451.0,,,,,,,,,,
690,62566.0,,,,,,,,,,
691,158885.0,1.44,7.56,1.47,7.71,1.45,7.59,1.47,7.74,1.44,7.56
692,50932.0,,,,,,,,,,
693,152656.0,3.92,4.79,3.85,4.7,3.77,4.6,3.73,4.55,3.57,4.36
694,30037.0,,,,,,,,,,
695,36956.0,,,,,,,,,,
696,65429.0,,,,,,,,,,
697,39422.0,,,,,,,,,,
698,66002.0,,,,,,,,,,
699,136893.0,3.4,5.32,3.35,5.25,3.3,5.15,3.37,5.26,3.6,5.64
700,35172.0,,,,,,,,,,
701,88227.0,5.66,2.54,5.73,2.57,5.71,2.56,5.49,2.47,5.62,2.52
702,40033.0,,,,,,,,,,
703,39482.0,,,,,,,,,,
704,58018.0,,,,,,,,,,
705,41705.0,,,,,,,,,,
706,30984.0,,,,,,,,,,
707,52375.0,,,,,,,,,,
708,143402.0,4.71,3.86,4.64,3.8,4.6,3.76,4.58,3.74,4.48,3.67
709,83268.0,,,,,,,,,,
710,143937.0,,,,,,,,,,
711,45416.0,,,,,,,,,,
712,51076.0,,,,,,,,,,
713,149512.0,4.43,4.26,4.45,4.28,4.44,4.27,4.37,4.2,4.48,4.3
714,55405.0,,,,,,,,,,
715,158692.0,,,,,,,,,,
716,164966.0,,,,,,,,,,
717,192469.0,,,,,,,,,,
718,172970.0,,,,,,,,,,
719,151196.0,2.9,7.1,2.74,6.71,2.75,6.72,2.7,6.62,2.77,6.79
720,158631.0,3.52,3.98,4.16,4.7,3.9,4.39,3.69,4.16,3.96,4.46
721,179746.0,,,,,,,,,,
722,156910.0,,,,,,,,,,
723,146489.0,2.22,6.66,2.31,6.92,2.29,6.86,2.27,6.82,2.27,6.81
724,178856.0,,,,,,,,,,
725,74650.0,,,,,,,,,,
726,169666.0,,,,,,,,,,
727,172488.0,,,,,,,,,,
728,162853.0,,,,,,,,,,
729,168039.0,,,,,,,,,,
730,158700.0,,,,,,,,,,
731,178416.0,,,,,,,,,,
732,143373.0,1.45,3.55,1.91,4.69,2.38,5.82,2.32,5.68,2.46,6.04
733,145376.0,2.24,5.76,2.43,6.26,2.39,6.13,2.29,5.89,1.4,3.6
734,191581.0,,,,,,,,,,
735,143460.0,0.0,0.0,3.42,4.91,3.36,4.84,3.48,5.01,3.01,4.32
736,192468.0,,,,,,,,,,
737,178456.0,3.61,5.89,3.44,5.62,3.8,6.2,3.8,6.2,3.61,5.89
738,152268.0,,,,,,,,,,
739,110333.0,5.8,3.4,5.51,3.23,5.31,3.12,5.28,3.1,5.24,3.07
740,168036.0,0.0,0.0,3.63,2.97,5.5,4.5,2.75,2.25,4.4,3.6
741,163812.0,,,,,,,,,,
742,15530.0,,,,,,,,,,
743,34316.0,,,,,,,,,,
744,41118.0,,,,,,,,,,
745,27540.0,,,,,,,,,,
746,62787.0,,,,,,,,,,
747,26940.0,,,,,,,,,,
748,42173.0,,,,,,,,,,
749,172799.0,,,,,,,,,,
750,152249.0,5.32,4.18,5.07,3.99,4.87,3.82,4.59,3.61,4.83,3.8
751,92079.0,,,,,,,,,,
752,185267.0,2.82,3.18,3.01,3.39,3.29,3.71,3.29,3.71,3.29,3.71
753,181286.0,0.0,0.0,7.31,1.61,8.2,1.8,7.65,1.68,0.0,0.0
754,165461.0,4.2,5.8,4.06,5.6,4.04,5.59,4.03,5.56,3.97,5.48
755,152183.0,3.68,4.32,4.34,5.1,4.36,5.11,4.35,5.11,4.31,5.05
756,164102.0,2.42,7.25,2.36,7.09,2.2,6.61,2.47,7.42,2.42,7.25
757,160720.0,0.0,0.0,1.5,6.83,1.34,6.12,1.37,6.23,1.26,5.74
758,152486.0,1.3,8.7,1.0,6.67,1.0,6.67,0.97,6.53,0.0,0.0
759,155228.0,0.0,0.0,4.64,3.09,5.4,3.6,4.8,3.2,5.0,3.33
760,156930.0,0.0,0.0,0.0,0.0,4.0,4.0,0.0,0.0,4.5,4.5
761,147835.0,0.0,0.0,0.0,0.0,0.0,0.0,0.0,0.0,7.0,1.89
762,172188.0,,,,,,,,,,
763,10006.0,,,,,,,,,,
764,101966.0,3.78,5.67,3.71,5.56,3.7,5.54,3.64,5.45,3.65,5.48
765,47528.0,,,,,,,,,,
766,66463.0,,,,,,,,,,
767,45649.0,,,,,,,,,,
768,149516.0,0.22,0.78,1.96,6.94,1.74,6.16,1.72,6.08,1.87,6.63
769,134899.0,3.43,6.09,3.32,5.91,3.29,5.85,3.24,5.77,3.23,5.73
770,151117.0,2.27,6.14,2.28,6.15,2.21,5.98,2.12,5.73,2.25,6.08
771,138601.0,1.96,6.94,1.91,6.79,1.97,6.97,2.01,7.13,1.87,6.63
772,147368.0,,,,,,,,,,
773,161850.0,3.53,6.0,3.43,5.83,3.38,5.75,3.42,5.82,3.37,5.74
774,58088.0,,,,,,,,,,
775,130787.0,4.28,3.23,4.2,3.17,3.88,2.92,3.9,2.94,4.92,3.72
776,36727.0,,,,,,,,,,
777,34322.0,,,,,,,,,,
778,10852.0,,,,,,,,,,
779,16846.0,,,,,,,,,,
780,92877.0,,,,,,,,,,
781,60789.0,,,,,,,,,,
782,75882.0,,,,,,,,,,
783,165830.0,,,,,,,,,,
784,169650.0,,,,,,,,,,
785,41613.0,,,,,,,,,,
786,73799.0,,,,,,,,,,
787,137887.0,,,,,,,,,,
788,60484.0,,,,,,,,,,
789,17416.0,,,,,,,,,,
790,29354.0,,,,,,,,,,
791,38281.0,,,,,,,,,,
792,175470.0,,,,,,,,,,
793,199878.0,,,,,,,,,,
794,10245.0,,,,,,,,,,
795,168244.0,,,,,,,,,,
796,201339.0,,,,,,,,,,
797,178454.0,,,,,,,,,,
798,100205.0,3.8,2.87,4.78,3.61,4.64,3.5,3.97,3.0,4.53,3.42
799,170794.0,,,,,,,,,,
800,158664.0,,,,,,,,,,
801,152628.0,,,,,,,,,,
802,174933.0,,,,,,,,,,
803,16516.0,,,,,,,,,,
804,112014.0,,,,,,,,,,
805,123613.0,,,,,,,,,,
806,127378.0,1.61,5.72,1.77,6.26,1.76,6.24,1.8,6.38,1.82,6.47
807,164946.0,,,,,,,,,,
808,157532.0,,,,,,,,,,
809,181927.0,,,,,,,,,,
810,146231.0,,,,,,,,,,
811,164277.0,,,,,,,,,,
812,158092.0,,,,,,,,,,
813,152692.0,,,,,,,,,,
814,47494.0,,,,,,,,,,
815,144130.0,0.0,0.0,2.08,5.63,2.31,6.23,2.4,6.48,1.98,5.35
816,154273.0,0.0,0.0,8.21,1.12,7.81,1.07,6.45,0.88,7.48,1.02
817,117400.0,,,,,,,,,,
818,176596.0,,,,,,,,,,
819,171483.0,,,,,,,,,,
820,85579.0,4.09,5.0,3.94,4.82,3.9,4.76,3.93,4.8,3.8,4.64
821,74689.0,,,,,,,,,,
822,175092.0,,,,,,,,,,
823,116233.0,4.54,3.43,4.63,3.5,4.6,3.47,4.43,3.34,4.46,3.36
824,175111.0,,,,,,,,,,
825,184215.0,,,,,,,,,,
826,190718.0,,,,,,,,,,
827,28581.0,,,,,,,,,,
828,174919.0,,,,,,,,,,
829,12780.0,,,,,,,,,,
830,167389.0,,,,,,,,,,
831,37838.0,,,,,,,,,,
832,88225.0,,,,,,,,,,
833,194372.0,,,,,,,,,,
834,194871.0,,,,,,,,,,
835,162854.0,2.75,6.75,2.6,6.35,2.53,6.18,2.67,6.54,2.66,6.52
836,173828.0,,,,,,,,,,
837,166463.0,0.0,0.0,9.0,2.25,6.0,1.5,8.5,2.12,0.0,0.0
838,168010.0,,,,,,,,,,
839,206029.0,,,,,,,,,,
840,180335.0,,,,,,,,,,
841,173213.0,,,,,,,,,,
842,170798.0,,,,,,,,,,
843,163832.0,0.0,0.0,2.23,6.69,2.0,6.0,2.06,6.17,1.92,5.75
844,162963.0,,,,,,,,,,
845,44911.0,2.82,4.07,3.01,4.34,3.04,4.38,2.71,3.89,3.21,4.63
846,168746.0,,,,,,,,,,
847,178458.0,,,,,,,,,,
848,140647.0,4.44,3.78,4.14,3.53,3.87,3.29,4.26,3.62,4.55,3.87
849,171485.0,,,,,,,,,,
850,171536.0,,,,,,,,,,
851,153651.0,2.32,2.15,3.18,2.93,3.27,3.01,3.16,2.92,3.63,3.35
852,171493.0,,,,,,,,,,
853,174342.0,,,,,,,,,,
854,30056.0,,,,,,,,,,
855,26821.0,,,,,,,,,,
856,174343.0,,,,,,,,,,
857,164918.0,,,,,,,,,,
858,47429.0,,,,,,,,,,
859,164719.0,2.66,5.64,2.85,6.05,2.85,6.05,2.94,6.26,3.0,6.38
860,15919.0,,,,,,,,,,
861,157340.0,,,,,,,,,,
862,152694.0,3.63,5.23,3.44,4.96,3.4,4.89,3.11,4.47,3.16,4.54
863,172841.0,,,,,,,,,,
864,172844.0,,,,,,,,,,
865,152646.0,0.0,0.0,8.0,1.84,0.0,0.0,0.0,0.0,0.0,0.0
866,10651.0,,,,,,,,,,
867,58538.0,,,,,,,,,,
868,16494.0,,,,,,,,,,
869,167733.0,,,,,,,,,,
870,10469.0,,,,,,,,,,
871,146415.0,,,,,,,,,,
872,172833.0,,,,,,,,,,
873,155420.0,,,,,,,,,,
874,129098.0,,,,,,,,,,
875,163824.0,0.0,0.0,0.0,0.0,4.0,1.04,0.0,0.0,0.0,0.0
876,158861.0,,,,,,,,,,
877,172824.0,,,,,,,,,,
878,144944.0,5.18,3.6,5.0,3.48,4.84,3.36,4.55,3.16,5.07,3.53
879,178452.0,,,,,,,,,,
880,156565.0,6.7,3.3,5.36,2.64,0.0,0.0,6.03,2.97,0.0,0.0
881,187981.0,,,,,,,,,,
882,188909.0,4.72,3.28,4.52,3.14,4.61,3.2,4.92,3.42,5.04,3.5
883,154236.0,,,,,,,,,,
884,143409.0,3.2,6.8,2.73,5.81,2.65,5.64,2.44,5.17,2.6,5.52
885,98901.0,,,,,,,,,,
886,167743.0,,,,,,,,,,
887,124227.0,,,,,,,,,,
888,154206.0,0.0,0.0,2.35,5.77,2.15,5.26,2.67,6.53,0.87,2.13
889,134811.0,,,,,,,,,,
890,153964.0,6.07,3.13,5.7,2.93,5.62,2.9,5.74,2.95,5.78,2.98
891,144379.0,2.91,6.49,2.86,6.38,2.83,6.31,2.81,6.26,2.81,6.24
892,127374.0,4.8,2.7,5.29,2.97,5.04,2.84,5.18,2.91,5.36,3.01
893,172475.0,,,,,,,,,,
894,169651.0,,,,,,,,,,
895,158854.0,,,,,,,,,,
896,65722.0,,,,,,,,,,
897,167311.0,,,,,,,,,,
898,137890.0,4.56,3.88,4.49,3.83,4.24,3.62,4.34,3.69,4.32,3.68
899,156461.0,,,,,,,,,,
900,172074.0,,,,,,,,,,
901,155256.0,5.22,3.48,4.7,3.14,4.67,3.12,4.64,3.09,4.72,3.15
902,181949.0,,,,,,,,,,
903,167061.0,,,,,,,,,,
904,158632.0,,,,,,,,,,
905,163813.0,,,,,,,,,,
906,168551.0,0.0,0.0,2.72,5.52,2.72,5.53,2.75,5.58,2.97,6.03
907,168931.0,,,,,,,,,,
908,159798.0,,,,,,,,,,
909,151746.0,,,,,,,,,,
910,171512.0,,,,,,,,,,
911,159156.0,,,,,,,,,,
912,157178.0,5.02,3.94,4.74,3.72,4.46,3.5,4.42,3.47,4.94,3.89
913,182578.0,4.82,3.78,4.06,3.19,4.19,3.29,3.96,3.11,4.12,3.24
914,152243.0,,,,,,,,,,
915,171037.0,,,,,,,,,,
916,194471.0,,,,,,,,,,
917,164939.0,,,,,,,,,,
918,124025.0,4.27,4.11,4.04,3.88,3.95,3.79,3.97,3.81,3.81,3.67
919,125802.0,2.85,4.09,2.83,4.08,2.98,4.3,2.89,4.15,2.55,3.66
920,144272.0,,,,,,,,,,
921,129406.0,3.25,5.78,3.12,5.55,3.09,5.49,3.11,5.54,3.21,5.7
922,144943.0,3.92,4.24,3.93,4.26,3.96,4.3,3.97,4.3,4.18,4.52
923,160115.0,,,,,,,,,,
924,40133.0,,,,,,,,,,
925,149122.0,,,,,,,,,,
926,144958.0,0.0,0.0,4.15,0.85,4.15,0.85,0.0,0.0,6.64,1.36
927,124205.0,0.0,0.0,0.0,0.0,3.5,3.5,3.25,3.25,4.5,4.5
928,158886.0,,,,,,,,,,
929,119966.0,3.51,4.65,3.41,4.51,3.34,4.43,3.45,4.57,3.59,4.75
930,45921.0,,,,,,,,,,
931,97693.0,,,,,,,,,,
932,129051.0,4.47,4.3,4.38,4.21,4.16,4.0,4.3,4.13,4.25,4.09
933,144188.0,0.0,0.0,10.0,3.1,0.0,0.0,0.0,0.0,0.0,0.0
934,106522.0,3.33,5.22,3.19,4.99,3.17,4.97,3.23,5.04,3.4,5.32
935,140226.0,,,,,,,,,,
936,107374.0,2.7,3.57,2.91,3.85,2.91,3.86,2.92,3.86,2.72,3.61
937,149027.0,0.0,0.0,0.0,0.0,0.0,0.0,10.0,2.1,0.0,0.0
938,124041.0,4.02,4.02,3.85,3.85,3.67,3.67,3.65,3.65,3.8,3.8
939,142242.0,3.48,4.26,3.23,3.95,3.56,4.36,3.14,3.83,3.49,4.26
940,115366.0,2.49,4.84,2.41,4.68,2.56,4.97,2.91,5.66,2.04,3.96
941,71705.0,,,,,,,,,,
942,127397.0,5.18,3.31,5.07,3.24,4.87,3.12,4.87,3.11,5.0,3.19
943,103760.0,4.13,3.82,3.97,3.66,3.97,3.66,4.31,3.97,4.21,3.88
944,132627.0,3.09,6.58,2.77,5.9,2.79,5.92,2.77,5.88,2.76,5.86
945,151751.0,0.0,0.0,4.2,3.88,4.59,4.24,4.51,4.16,0.0,0.0
946,147035.0,,,,,,,,,,
947,160116.0,,,,,,,,,,
948,167577.0,,,,,,,,,,
949,154252.0,,,,,,,,,,
950,156561.0,,,,,,,,,,
951,121052.0,1.67,5.58,1.92,6.42,2.02,6.78,1.93,6.45,1.55,5.2
952,140064.0,0.0,0.0,4.5,4.5,4.5,4.5,4.0,4.0,0.0,0.0
953,165791.0,0.0,0.0,2.5,7.5,2.25,6.75,0.0,0.0,0.0,0.0
954,172774.0,,,,,,,,,,
955,158697.0,,,,,,,,,,
956,125448.0,,,,,,,,,,
957,143431.0,,,,,,,,,,
958,167650.0,,,,,,,,,,
959,73583.0,,,,,,,,,,
960,89745.0,,,,,,,,,,
961,33536.0,,,,,,,,,,
962,51172.0,,,,,,,,,,
963,83404.0,,,,,,,,,,
964,150198.0,5.12,4.37,4.89,4.16,4.75,4.05,4.78,4.08,4.72,4.03
965,165762.0,,,,,,,,,,
966,166524.0,,,,,,,,,,
967,158871.0,,,,,,,,,,
968,167103.0,1.98,7.02,1.54,5.46,1.84,6.54,1.78,6.33,0.0,0.0
969,191597.0,4.14,4.48,4.35,4.71,4.33,4.69,4.37,4.73,4.62,5.0
970,146517.0,4.74,3.44,4.84,3.51,4.7,3.4,4.73,3.43,4.74,3.43
971,140792.0,,,,,,,,,,
972,158889.0,,,,,,,,,,
973,170497.0,,,,,,,,,,
974,158910.0,3.8,5.7,3.54,5.32,3.64,5.45,3.59,5.38,3.72,5.57
975,137875.0,3.08,3.2,3.26,3.39,3.29,3.42,3.24,3.37,3.22,3.35
976,113343.0,,,,,,,,,,
977,18898.0,,,,,,,,,,
978,147056.0,,,,,,,,,,
979,140288.0,,,,,,,,,,
980,151715.0,0.0,0.0,2.16,6.15,2.29,6.51,2.22,6.32,2.25,6.42
981,14561.0,,,,,,,,,,
982,142251.0,0.0,0.0,1.98,4.02,3.3,6.7,1.32,2.68,0.0,0.0
983,159785.0,0.0,0.0,4.36,2.15,2.68,1.32,0.0,0.0,0.0,0.0
984,154467.0,,,,,,,,,,
985,170419.0,,,,,,,,,,
986,162217.0,,,,,,,,,,
987,162877.0,,,,,,,,,,
988,146485.0,4.34,3.14,4.48,3.24,4.51,3.26,4.47,3.23,4.67,3.38
989,47384.0,,,,,,,,,,
990,163420.0,,,,,,,,,,
991,142803.0,4.01,5.31,3.87,5.12,3.68,4.88,3.81,5.04,3.87,5.14
992,44913.0,4.04,2.59,3.92,2.5,4.08,2.61,4.11,2.62,4.2,2.68
993,123519.0,3.35,4.62,3.3,4.56,3.14,4.33,3.02,4.16,3.09,4.27
994,154214.0,3.34,4.26,3.7,4.72,3.59,4.56,3.74,4.75,3.74,4.76
995,115504.0,3.67,5.06,3.47,4.8,3.39,4.67,3.47,4.8,3.26,4.51
996,140695.0,4.76,4.58,4.56,4.38,4.36,4.18,4.29,4.12,4.3,4.14
997,154253.0,,,,,,,,,,
998,168092.0,3.44,4.56,3.86,5.12,3.78,5.01,3.77,4.99,3.77,5.0
999,163861.0,,,,,,,,,,
1000,153342.0,0.0,0.0,3.73,5.6,2.8,4.2,0.0,0.0,0.0,0.0
1001,167788.0,,,,,,,,,,
1002,137905.0,,,,,,,,,,
1003,115642.0,4.25,4.8,4.12,4.65,3.96,4.47,3.96,4.46,3.91,4.4
1004,177532.0,,,,,,,,,,
1005,52012.0,,,,,,,,,,
1006,158644.0,,,,,,,,,,
1007,115520.0,3.86,4.54,3.42,4.02,3.51,4.11,3.53,4.14,3.36,3.94
1008,139698.0,0.0,0.0,1.23,7.55,1.14,6.99,1.05,6.45,0.0,0.0
1009,146386.0,4.48,4.85,4.16,4.5,4.17,4.52,4.64,5.03,4.22,4.58
1010,158660.0,,,,,,,,,,
1011,122195.0,2.73,2.95,2.46,2.67,2.51,2.71,2.69,2.91,3.36,3.64
1012,140228.0,,,,,,,,,,
1013,147607.0,,,,,,,,,,
1014,159725.0,,,,,,,,,,
1015,154595.0,,,,,,,,,,
1016,33012.0,,,,,,,,,,
1017,127375.0,4.08,4.25,3.83,3.98,3.87,4.02,4.06,4.22,4.13,4.29
1018,144221.0,2.97,6.03,2.52,5.13,2.47,5.0,2.56,5.21,2.28,4.63
1019,159154.0,,,,,,,,,,
1020,154423.0,,,,,,,,,,
1021,100647.0,4.02,4.71,3.97,4.66,3.98,4.68,4.03,4.72,4.03,4.74
1022,118955.0,3.92,3.08,4.76,3.74,4.86,3.81,4.66,3.67,4.76,3.74
1023,134859.0,6.65,2.85,5.89,2.53,5.36,2.29,5.57,2.39,5.29,2.27
1024,137344.0,,,,,,,,,,
1025,155025.0,,,,,,,,,,
1026,153656.0,,,,,,,,,,
1027,125444.0,3.88,3.05,3.88,3.04,3.65,2.87,3.14,2.46,3.36,2.64
1028,136884.0,,,,,,,,,,
1029,144938.0,2.15,6.82,2.19,6.92,2.15,6.8,2.16,6.84,2.13,6.74
1030,159727.0,,,,,,,,,,
1031,135011.0,,,,,,,,,,
1032,129066.0,,,,,,,,,,
1033,154461.0,5.4,4.6,4.58,3.9,4.18,3.56,4.68,3.99,4.5,3.83
1034,127322.0,0.0,0.0,2.66,4.34,3.61,5.89,2.66,4.34,3.23,5.27
1035,153366.0,,,,,,,,,,
1036,13432.0,,,,,,,,,,
1037,158891.0,,,,,,,,,,
1038,154430.0,,,,,,,,,,
1039,153727.0,,,,,,,,,,
1040,154407.0,,,,,,,,,,
1041,168942.0,,,,,,,,,,
1042,159776.0,,,,,,,,,,
1043,149729.0,,,,,,,,,,
1044,156465.0,3.33,6.17,2.68,4.98,2.66,4.95,2.82,5.23,2.46,4.58
1045,162397.0,,,,,,,,,,
1046,24219.0,,,,,,,,,,
1047,144355.0,2.4,7.6,2.18,6.9,2.11,6.7,2.13,6.76,0.0,0.0
1048,140233.0,,,,,,,,,,
1049,201168.0,,,,,,,,,,
1050,119653.0,,,,,,,,,,
1051,143435.0,3.44,5.6,3.36,5.48,3.31,5.41,3.27,5.34,3.25,5.29
1052,164915.0,,,,,,,,,,
1053,127114.0,,,,,,,,,,
1054,164933.0,,,,,,,,,,
1055,143495.0,4.42,3.92,4.77,4.23,4.72,4.19,4.66,4.13,4.79,4.24
1056,144945.0,1.87,6.63,2.01,7.11,1.94,6.86,1.93,6.83,1.98,7.02
1057,157243.0,2.22,7.43,2.25,7.54,2.19,7.32,2.04,6.81,2.16,7.22
1058,137952.0,4.65,4.3,4.49,4.15,4.36,4.03,4.43,4.09,4.48,4.14
1059,104083.0,,,,,,,,,,
1060,139358.0,,,,,,,,,,
1061,159726.0,,,,,,,,,,
1062,163335.0,,,,,,,,,,
1063,149776.0,,,,,,,,,,
1064,105389.0,0.0,0.0,5.4,3.6,5.4,3.6,4.8,3.2,0.0,0.0
1065,143437.0,5.6,4.4,4.58,3.59,4.7,3.7,4.59,3.61,5.04,3.96
1066,155021.0,,,,,,,,,,
1067,197191.0,,,,,,,,,,
1068,129383.0,3.85,5.1,3.7,4.91,3.62,4.8,3.63,4.81,3.71,4.92
1069,206517.0,,,,,,,,,,
1070,186893.0,,,,,,,,,,
1071,53280.0,0.0,0.0,4.0,4.0,5.0,5.0,0.0,0.0,0.0,0.0
1072,137906.0,,,,,,,,,,
1073,159705.0,,,,,,,,,,
1074,143366.0,,,,,,,,,,
1075,158614.0,,,,,,,,,,
1076,167569.0,4.84,2.49,5.31,2.73,5.23,2.7,5.24,2.7,4.7,2.42
1077,152684.0,2.92,4.96,3.13,5.33,3.09,5.27,3.19,5.44,2.8,4.78
1078,163684.0,,,,,,,,,,
1079,134863.0,,,,,,,,,,
1080,157133.0,,,,,,,,,,
1081,137346.0,3.87,4.73,3.93,4.8,4.11,5.03,3.81,4.65,3.74,4.58
1082,120791.0,4.47,4.12,4.22,3.9,4.13,3.81,4.07,3.76,4.23,3.91
1083,158694.0,,,,,,,,,,
1084,75395.0,,,,,,,,,,
1085,156494.0,,,,,,,,,,
1086,119144.0,,,,,,,,,,
1087,145139.0,,,,,,,,,,
1088,149096.0,,,,,,,,,,
1089,101859.0,,,,,,,,,,
1090,158565.0,,,,,,,,,,
1091,147991.0,,,,,,,,,,
1092,157292.0,,,,,,,,,,
1093,78181.0,,,,,,,,,,
1094,154397.0,,,,,,,,,,
1095,144920.0,,,,,,,,,,
1096,197082.0,,,,,,,,,,
1097,158643.0,,,,,,,,,,
1098,154379.0,3.19,6.48,3.08,6.24,3.03,6.14,3.12,6.33,3.02,6.12
1099,154415.0,,,,,,,,,,
1100,162205.0,,,,,,,,,,
1101,151868.0,,,,,,,,,,
1102,125405.0,3.8,3.8,4.25,4.25,4.28,4.28,4.3,4.3,4.42,4.42
1103,144946.0,,,,,,,,,,
1104,148905.0,,,,,,,,,,
1105,142165.0,,,,,,,,,,
1106,164921.0,,,,,,,,,,
1107,184339.0,,,,,,,,,,
1108,17124.0,,,,,,,,,,
1109,153347.0,,,,,,,,,,
1110,142380.0,,,,,,,,,,
1111,137938.0,,,,,,,,,,
1112,147096.0,,,,,,,,,,
1113,36401.0,,,,,,,,,,
1114,145011.0,,,,,,,,,,
1115,149088.0,,,,,,,,,,
1116,114282.0,5.06,3.67,4.85,3.52,4.69,3.4,4.69,3.4,4.95,3.58
1117,170823.0,,,,,,,,,,
1118,156581.0,,,,,,,,,,
1119,130966.0,4.42,4.6,4.25,4.42,4.16,4.33,4.16,4.32,4.11,4.27
1120,132933.0,4.38,4.55,4.32,4.5,4.25,4.43,4.29,4.47,4.31,4.49
1121,152617.0,,,,,,,,,,
1122,140203.0,,,,,,,,,,
1123,113344.0,4.71,4.34,4.51,4.16,4.2,3.88,4.23,3.9,4.24,3.92
1124,133427.0,,,,,,,,,,
1125,158856.0,,,,,,,,,,
1126,155802.0,,,,,,,,,,
1127,63174.0,,,,,,,,,,
1128,50176.0,,,,,,,,,,
1129,74866.0,5.15,2.78,5.02,2.7,4.49,2.42,4.63,2.5,4.53,2.44
1130,65540.0,,,,,,,,,,
1131,119430.0,5.23,3.07,5.22,3.06,5.16,3.03,5.13,3.01,5.2,3.05
1132,58280.0,,,,,,,,,,
1133,68217.0,,,,,,,,,,
1134,122518.0,,,,,,,,,,
1135,144870.0,,,,,,,,,,
1136,180173.0,,,,,,,,,,
1137,156534.0,,,,,,,,,,
1138,52379.0,,,,,,,,,,
1139,158858.0,,,,,,,,,,
1140,119464.0,,,,,,,,,,
1141,154374.0,,,,,,,,,,
1142,140787.0,4.2,5.8,4.11,5.67,3.98,5.5,3.63,5.01,4.09,5.64
1143,124202.0,,,,,,,,,,
1144,72327.0,,,,,,,,,,
1145,184859.0,0.0,0.0,0.0,0.0,3.3,6.7,3.3,6.7,3.3,6.7
1146,154497.0,,,,,,,,,,
1147,144954.0,,,,,,,,,,
1148,121037.0,,,,,,,,,,
1149,149762.0,,,,,,,,,,
1150,203229.0,,,,,,,,,,
1151,119617.0,,,,,,,,,,
1152,27589.0,,,,,,,,,,
1153,75397.0,,,,,,,,,,
1154,98467.0,,,,,,,,,,
1155,125421.0,3.9,4.22,3.62,3.93,3.8,4.12,3.88,4.2,3.88,4.21
1156,102700.0,,,,,,,,,,
1157,144951.0,,,,,,,,,,
1158,155804.0,,,,,,,,,,
1159,158563.0,,,,,,,,,,
1160,98146.0,,,,,,,,,,
1161,165770.0,,,,,,,,,,
1162,155836.0,,,,,,,,,,
1163,109960.0,4.83,1.97,5.0,2.04,5.12,2.09,5.25,2.14,5.45,2.22
1164,154453.0,,,,,,,,,,
1165,131665.0,,,,,,,,,,
1166,200584.0,,,,,,,,,,
1167,103627.0,,,,,,,,,,
1168,145899.0,,,,,,,,,,
1169,141187.0,,,,,,,,,,
1170,162269.0,,,,,,,,,,
1171,114286.0,3.95,3.37,3.98,3.39,4.09,3.48,3.97,3.38,4.15,3.53
1172,110545.0,,,,,,,,,,
1173,67627.0,,,,,,,,,,
1174,114247.0,0.0,0.0,3.18,4.77,3.4,5.1,3.08,4.63,3.32,4.97
1175,151290.0,,,,,,,,,,
1176,184605.0,0.0,0.0,0.0,0.0,3.0,1.5,0.0,0.0,0.0,0.0
1177,137925.0,,,,,,,,,,
1178,156118.0,,,,,,,,,,
1179,93035.0,,,,,,,,,,
1180,28813.0,,,,,,,,,,
1181,146185.0,,,,,,,,,,
1182,147021.0,,,,,,,,,,
1183,149076.0,,,,,,,,,,
1184,133455.0,,,,,,,,,,
1185,146161.0,,,,,,,,,,
1186,191646.0,,,,,,,,,,
1187,154434.0,,,,,,,,,,
1188,155315.0,,,,,,,,,,
1189,140719.0,0.0,0.0,2.21,5.41,2.32,5.68,2.61,6.39,2.61,6.39
1190,125423.0,0.0,0.0,4.49,1.83,4.76,1.95,3.19,1.3,4.62,1.89
1191,149426.0,,,,,,,,,,
1192,155544.0,,,,,,,,,,
1193,124042.0,2.61,2.22,2.84,2.42,2.93,2.49,3.69,3.14,2.43,2.07
1194,142372.0,5.03,2.48,4.83,2.38,4.02,1.98,2.01,0.99,0.0,0.0
1195,115977.0,4.37,5.12,4.29,5.04,4.23,4.96,4.17,4.89,4.18,4.9
1196,130658.0,,,,,,,,,,
1197,128723.0,,,,,,,,,,
1198,84126.0,,,,,,,,,,
1199,154250.0,,,,,,,,,,
1200,167599.0,0.0,0.0,2.05,5.55,2.46,6.64,2.38,6.43,2.7,7.3
1201,172731.0,,,,,,,,,,
1202,10323.0,2.4,5.6,2.65,6.18,2.65,6.17,2.63,6.14,2.35,5.48
1203,136859.0,1.3,3.7,2.07,5.9,2.12,6.03,2.13,6.06,2.19,6.22
1204,167724.0,,,,,,,,,,
1205,106450.0,,,,,,,,,,
1206,84397.0,,,,,,,,,,
1207,137971.0,4.34,2.33,5.48,2.95,5.54,2.99,5.04,2.71,5.51,2.96
1208,151248.0,,,,,,,,,,
1209,114225.0,4.29,4.12,4.18,4.02,4.13,3.97,4.1,3.93,4.27,4.1
1210,65007.0,,,,,,,,,,
1211,98296.0,,,,,,,,,,
1212,118974.0,3.09,4.64,2.61,3.91,2.6,3.89,2.6,3.9,2.51,3.76
1213,112041.0,3.57,3.87,3.02,3.28,3.03,3.29,3.25,3.53,3.36,3.64
1214,48246.0,,,,,,,,,,
1215,149761.0,,,,,,,,,,
1216,154279.0,,,,,,,,,,
1217,114263.0,0.0,0.0,2.02,4.49,2.17,4.83,2.07,4.6,2.02,4.49
1218,74205.0,,,,,,,,,,
1219,76793.0,,,,,,,,,,
1220,100078.0,,,,,,,,,,
1221,146350.0,,,,,,,,,,
1222,122393.0,,,,,,,,,,
1223,127383.0,5.49,3.51,4.36,2.78,4.61,2.95,5.73,3.67,0.0,0.0
1224,149736.0,,,,,,,,,,
1225,64080.0,,,,,,,,,,
1226,36818.0,,,,,,,,,,
1227,149074.0,,,,,,,,,,
1228,151759.0,,,,,,,,,,
1229,156475.0,,,,,,,,,,
1230,196976.0,,,,,,,,,,
1231,189620.0,3.9,2.1,4.55,2.45,5.05,2.72,4.81,2.59,3.9,2.1
1232,52747.0,,,,,,,,,,
1233,78594.0,,,,,,,,,,
1234,312662.0,,,,,,,,,,
1235,72058.0,0.96,7.04,1.02,7.48,0.0,0.0,0.72,5.28,0.0,0.0
1236,10440.0,,,,,,,,,,
1237,35901.0,6.29,3.38,6.34,3.41,6.17,3.33,6.5,3.5,5.85,3.15
1238,150829.0,,,,,,,,,,
1239,152700.0,,,,,,,,,,
1240,109905.0,5.6,4.06,5.4,3.91,5.29,3.83,5.16,3.74,5.2,3.76
1241,38420.0,,,,,,,,,,
1242,31283.0,,,,,,,,,,
1243,49857.0,,,,,,,,,,
1244,137982.0,,,,,,,,,,
1245,74027.0,4.2,3.87,3.98,3.67,4.05,3.74,4.27,3.94,4.36,4.02
1246,40098.0,,,,,,,,,,
1247,181030.0,5.8,4.2,4.99,3.61,5.8,4.2,4.18,3.02,0.0,0.0
1248,19066.0,,,,,,,,,,
1249,91107.0,,,,,,,,,,
1250,146184.0,,,,,,,,,,
1251,134584.0,,,,,,,,,,
1252,142370.0,,,,,,,,,,
1253,144271.0,0.0,0.0,5.36,2.64,0.0,0.0,0.0,0.0,0.0,0.0
1254,119720.0,,,,,,,,,,
1255,68535.0,,,,,,,,,,
1256,83001.0,,,,,,,,,,
1257,80866.0,,,,,,,,,,
1258,158347.0,,,,,,,,,,
1259,154491.0,,,,,,,,,,
1260,61865.0,,,,,,,,,,
1261,37758.0,,,,,,,,,,
1262,129012.0,3.97,4.3,3.56,3.86,3.72,4.03,3.36,3.64,3.7,4.01
1263,103331.0,3.0,7.0,2.62,6.12,2.58,6.02,2.81,6.57,2.66,6.22
1264,124212.0,4.36,3.56,4.43,3.63,4.28,3.5,4.36,3.57,4.41,3.6
1265,171549.0,,,,,,,,,,
1266,67769.0,4.54,3.29,4.56,3.3,4.43,3.21,4.43,3.2,4.5,3.26
1267,99794.0,,,,,,,,,,
1268,87232.0,,,,,,,,,,
1269,73096.0,,,,,,,,,,
1270,153343.0,,,,,,,,,,
1271,129824.0,,,,,,,,,,
1272,151867.0,,,,,,,,,,
1273,130041.0,0.0,0.0,2.71,6.62,0.0,0.0,0.0,0.0,2.9,7.1
1274,152696.0,,,,,,,,,,
1275,136007.0,3.74,4.57,3.55,4.34,3.64,4.45,3.6,4.39,3.59,4.38
1276,144141.0,,,,,,,,,,
1277,149382.0,,,,,,,,,,
1278,118917.0,4.2,4.93,4.21,4.94,4.1,4.81,4.01,4.71,4.08,4.79
1279,154195.0,,,,,,,,,,
1280,103271.0,,,,,,,,,,
1281,133443.0,,,,,,,,,,
1282,109955.0,3.86,4.53,3.63,4.26,3.65,4.28,3.87,4.55,3.83,4.5
1283,10392.0,,,,,,,,,,
1284,31683.0,,,,,,,,,,
1285,105578.0,,,,,,,,,,
1286,73402.0,,,,,,,,,,
1287,133421.0,,,,,,,,,,
1288,143370.0,,,,,,,,,,
1289,193839.0,0.0,0.0,5.42,3.18,6.17,3.63,6.3,3.7,6.3,3.7
1290,104478.0,5.3,3.54,4.82,3.22,4.45,2.97,4.94,3.29,5.13,3.42
1291,149843.0,,,,,,,,,,
1292,149376.0,,,,,,,,,,
1293,129093.0,,,,,,,,,,
1294,166149.0,,,,,,,,,,
1295,127865.0,4.43,3.78,4.68,3.98,4.44,3.79,4.44,3.78,4.64,3.96
1296,147533.0,,,,,,,,,,
1297,102295.0,,,,,,,,,,
1298,146181.0,,,,,,,,,,
1299,97694.0,,,,,,,,,,
1300,18098.0,,,,,,,,,,
1301,134871.0,,,,,,,,,,
1302,141579.0,,,,,,,,,,
1303,130983.0,2.88,5.12,3.16,5.63,3.05,5.43,3.18,5.65,3.6,6.4
1304,134881.0,,,,,,,,,,
1305,156495.0,,,,,,,,,,
1306,129331.0,0.0,0.0,3.5,4.83,3.48,4.81,3.5,4.83,2.73,3.77
1307,129049.0,5.03,3.96,4.93,3.88,4.81,3.78,4.8,3.77,4.88,3.83
1308,122469.0,5.64,2.91,5.22,2.69,4.88,2.52,4.98,2.57,5.28,2.72
1309,52449.0,,,,,,,,,,
1310,65091.0,,,,,,,,,,
1311,148971.0,,,,,,,,,,
1312,192121.0,0.0,0.0,0.0,0.0,2.0,2.0,5.0,5.0,0.0,0.0
1313,106280.0,,,,,,,,,,
1314,50598.0,,,,,,,,,,
1315,162000.0,,,,,,,,,,
1316,106557.0,1.19,2.31,2.31,4.47,2.31,4.49,2.98,5.78,0.0,0.0
1317,129333.0,5.07,3.53,5.13,3.56,5.1,3.55,5.01,3.48,5.14,3.57
1318,95541.0,4.6,4.6,4.41,4.41,4.39,4.39,4.39,4.39,4.36,4.36
1319,172819.0,0.0,0.0,2.86,6.68,2.43,5.67,2.43,5.67,3.0,7.0
1320,117802.0,4.2,2.8,4.32,2.88,3.55,2.37,4.04,2.69,3.43,2.28
1321,177553.0,,,,,,,,,,
1322,154085.0,,,,,,,,,,
1323,40117.0,,,,,,,,,,
1324,96325.0,,,,,,,,,,
1325,184505.0,,,,,,,,,,
1326,149402.0,,,,,,,,,,
1327,143398.0,,,,,,,,,,
1328,122596.0,1.93,6.84,1.9,6.72,1.9,6.75,1.88,6.67,1.93,6.83
1329,118980.0,0.0,0.0,2.45,4.98,2.64,5.36,2.64,5.36,0.0,0.0
1330,127867.0,,,,,,,,,,
1331,90596.0,5.09,3.69,4.86,3.52,4.58,3.32,4.87,3.53,5.01,3.62
1332,15899.0,0.0,0.0,3.6,6.4,3.46,6.14,0.0,0.0,0.0,0.0
1333,14957.0,,,,,,,,,,
1334,89323.0,,,,,,,,,,
1335,127335.0,5.84,2.16,5.64,2.09,5.19,1.92,5.05,1.87,4.83,1.78
1336,103353.0,,,,,,,,,,
1337,69956.0,5.69,3.2,5.32,2.99,5.11,2.88,4.98,2.8,5.28,2.97
1338,86785.0,,,,,,,,,,
1339,107352.0,0.0,0.0,3.55,4.51,3.44,4.38,3.41,4.34,3.77,4.79
1340,79102.0,,,,,,,,,,
1341,160500.0,,,,,,,,,,
1342,132590.0,,,,,,,,,,
1343,149718.0,,,,,,,,,,
1344,154194.0,,,,,,,,,,
1345,142081.0,,,,,,,,,,
1346,105576.0,,,,,,,,,,
1347,79196.0,,,,,,,,,,
1348,118950.0,4.61,4.43,4.57,4.39,4.36,4.18,4.24,4.08,4.52,4.34
1349,19303.0,10.0,2.1,6.0,1.26,0.0,0.0,0.0,0.0,0.0,0.0
1350,18781.0,2.6,7.4,2.5,7.13,2.5,7.13,2.42,6.9,2.3,6.56
1351,103708.0,3.15,6.11,2.65,5.15,2.68,5.2,2.56,4.97,0.0,0.0
1352,143733.0,,,,,,,,,,
1353,73301.0,,,,,,,,,,
1354,32686.0,3.12,6.64,3.09,6.56,3.02,6.42,2.95,6.28,2.94,6.26
1355,120600.0,,,,,,,,,,
1356,101961.0,0.0,0.0,5.44,1.72,5.16,1.63,5.78,1.82,0.0,0.0
1357,30776.0,,,,,,,,,,
1358,88295.0,,,,,,,,,,
1359,94187.0,5.0,3.62,4.74,3.44,4.55,3.29,4.52,3.28,4.56,3.31
1360,89361.0,,,,,,,,,,
1361,73318.0,0.0,0.0,0.0,0.0,8.0,1.84,0.0,0.0,0.0,0.0
1362,112039.0,2.68,3.69,2.61,3.61,2.95,4.08,2.83,3.91,3.04,4.21
1363,101236.0,4.59,3.91,4.35,3.71,4.28,3.65,4.11,3.51,2.97,2.53
1364,117790.0,3.85,4.71,3.54,4.32,3.36,4.11,3.58,4.37,3.66,4.48
1365,105521.0,2.98,4.28,3.07,4.41,3.07,4.41,3.23,4.64,3.31,4.76
1366,88426.0,5.0,5.0,4.5,4.5,5.0,5.0,0.0,0.0,0.0,0.0
1367,122535.0,4.37,4.2,4.21,4.04,4.0,3.84,4.32,4.16,4.36,4.19
1368,154076.0,,,,,,,,,,
1369,120123.0,3.76,3.92,3.5,3.64,3.4,3.54,3.3,3.43,3.43,3.57
1370,93739.0,2.82,3.3,2.55,3.0,2.54,2.98,2.68,3.14,2.56,3.0
1371,108225.0,3.71,3.87,3.59,3.73,3.6,3.75,3.75,3.91,3.83,3.98
1372,177720.0,,,,,,,,,,
1373,112079.0,4.76,3.9,4.28,3.5,4.2,3.43,4.31,3.52,4.66,3.81
1374,32972.0,,,,,,,,,,
1375,93028.0,5.22,3.78,4.78,3.46,4.64,3.36,5.1,3.7,0.0,0.0
1376,72222.0,,,,,,,,,,
1377,40743.0,,,,,,,,,,
1378,42846.0,,,,,,,,,,
1379,44477.0,,,,,,,,,,
1380,51560.0,,,,,,,,,,
1381,76067.0,,,,,,,,,,
1382,80632.0,,,,,,,,,,
1383,99096.0,3.0,2.55,3.4,2.89,3.68,3.13,3.86,3.29,3.92,3.33
1384,158228.0,,,,,,,,,,
1385,61101.0,0.0,0.0,3.93,5.9,4.0,6.0,3.73,5.6,0.0,0.0
1386,137960.0,,,,,,,,,,
1387,137993.0,,,,,,,,,,
1388,126950.0,,,,,,,,,,
1389,92127.0,,,,,,,,,,
1390,80973.0,,,,,,,,,,
1391,80627.0,,,,,,,,,,
1392,76442.0,,,,,,,,,,
1393,109778.0,4.79,4.25,4.72,4.18,4.59,4.07,4.62,4.1,4.59,4.07
1394,143367.0,,,,,,,,,,
1395,154200.0,,,,,,,,,,
1396,87309.0,0.0,0.0,3.37,6.27,3.28,6.1,2.87,5.33,3.5,6.5
1397,114249.0,4.95,4.39,4.85,4.31,4.67,4.15,4.5,4.0,4.61,4.08
1398,165087.0,,,,,,,,,,
1399,88662.0,,,,,,,,,,
1400,136861.0,,,,,,,,,,
1401,127481.0,,,,,,,,,,
1402,114279.0,,,,,,,,,,
1403,190727.0,0.0,0.0,4.1,3.23,2.8,2.2,0.0,0.0,0.0,0.0
1404,109102.0,,,,,,,,,,
1405,122473.0,4.16,3.84,4.17,3.84,4.26,3.93,4.18,3.85,3.56,3.29
1406,134558.0,,,,,,,,,,
1407,49079.0,,,,,,,,,,
1408,94975.0,,,,,,,,,,
1409,127321.0,2.66,6.84,2.45,6.31,2.48,6.38,2.55,6.57,2.53,6.49
1410,122490.0,,,,,,,,,,
1411,154198.0,,,,,,,,,,
1412,102862.0,,,,,,,,,,
1413,37928.0,,,,,,,,,,
1414,146212.0,0.0,0.0,4.38,1.62,5.84,2.16,0.0,0.0,6.33,2.34
1415,21636.0,,,,,,,,,,
1416,41622.0,,,,,,,,,,
1417,42381.0,,,,,,,,,,
1418,198969.0,,,,,,,,,,
1419,101973.0,,,,,,,,,,
1420,42455.0,,,,,,,,,,
1421,71075.0,,,,,,,,,,
1422,25676.0,,,,,,,,,,
1423,109982.0,4.92,3.72,4.66,3.51,4.38,3.3,4.47,3.38,4.69,3.54
1424,74893.0,,,,,,,,,,
1425,195970.0,7.54,2.13,7.21,2.04,7.02,1.98,7.8,2.2,7.02,1.98
1426,110648.0,,,,,,,,,,
1427,126745.0,,,,,,,,,,
1428,125841.0,2.64,5.87,2.42,5.39,2.41,5.36,2.52,5.6,2.35,5.22
1429,154582.0,,,,,,,,,,
1430,72184.0,,,,,,,,,,
1431,76437.0,,,,,,,,,,
1432,45290.0,5.61,3.9,5.47,3.8,5.26,3.65,5.18,3.6,5.23,3.64
1433,140272.0,,,,,,,,,,
1434,118909.0,3.45,2.49,3.74,2.7,3.4,2.46,3.69,2.67,2.99,2.16
1435,37488.0,,,,,,,,,,
1436,46153.0,,,,,,,,,,
1437,72524.0,0.0,0.0,0.0,0.0,4.25,4.25,0.0,0.0,0.0,0.0
1438,38699.0,,,,,,,,,,
1439,31162.0,,,,,,,,,,
1440,83414.0,,,,,,,,,,
1441,10035.0,,,,,,,,,,
1442,178654.0,0.0,0.0,1.71,1.04,4.96,3.04,3.72,2.28,0.62,0.38
1443,164115.0,2.55,6.9,2.48,6.7,2.45,6.61,2.41,6.53,2.4,6.48
1444,82227.0,,,,,,,,,,
1445,113377.0,4.0,3.27,3.82,3.12,3.71,3.03,4.01,3.29,4.22,3.45
1446,10629.0,,,,,,,,,,
1447,75422.0,,,,,,,,,,
1448,13353.0,,,,,,,,,,
1449,28166.0,,,,,,,,,,
1450,69798.0,,,,,,,,,,
1451,188996.0,,,,,,,,,,
1452,95876.0,,,,,,,,,,
1453,38064.0,,,,,,,,,,
1454,103328.0,,,,,,,,,,
1455,71509.0,,,,,,,,,,
1456,178398.0,,,,,,,,,,
1457,194946.0,,,,,,,,,,
1458,12821.0,,,,,,,,,,
1459,125044.0,,,,,,,,,,
1460,93744.0,,,,,,,,,,
1461,154196.0,,,,,,,,,,
1462,130997.0,,,,,,,,,,
1463,109095.0,2.81,5.98,2.65,5.62,2.53,5.38,2.45,5.2,2.83,6.0
1464,16792.0,0.0,0.0,0.0,0.0,7.5,2.5,6.38,2.12,0.0,0.0
1465,149248.0,4.32,4.32,4.06,4.06,4.03,4.03,4.04,4.04,4.04,4.04
1466,109169.0,0.47,0.53,2.4,2.7,2.62,2.95,2.35,2.65,0.0,0.0
1467,99933.0,,,,,,,,,,
1468,100676.0,0.5,0.5,4.21,4.21,4.3,4.3,4.12,4.12,4.0,4.0
1469,94829.0,3.6,2.4,4.36,2.91,4.1,2.73,4.09,2.73,4.56,3.04
1470,134567.0,,,,,,,,,,
1471,137908.0,4.15,3.68,4.15,3.68,4.22,3.74,4.28,3.8,3.8,3.37
1472,113348.0,4.57,4.57,4.35,4.35,4.24,4.24,4.36,4.36,4.37,4.37
1473,118397.0,0.0,0.0,4.37,3.3,4.56,3.44,0.0,0.0,4.37,3.3
1474,99740.0,5.24,3.64,5.04,3.5,4.9,3.41,4.84,3.37,4.81,3.34
1475,97697.0,,,,,,,,,,
1476,191929.0,0.0,0.0,4.67,4.67,4.0,4.0,0.0,0.0,0.0,0.0
1477,92075.0,4.55,5.14,4.39,4.95,4.38,4.93,4.4,4.96,3.76,4.24
1478,73508.0,,,,,,,,,,
1479,52555.0,0.0,0.0,1.13,8.27,0.78,5.72,1.2,8.8,0.0,0.0
1480,90589.0,5.83,3.28,5.71,3.21,5.48,3.08,5.32,3.0,5.38,3.03
1481,88461.0,,,,,,,,,,
1482,79394.0,,,,,,,,,,
1483,66158.0,4.2,5.8,3.74,5.17,3.89,5.38,3.96,5.47,4.08,5.63
1484,91696.0,,,,,,,,,,
1485,92176.0,,,,,,,,,,
1486,29691.0,,,,,,,,,,
1487,118367.0,5.17,4.58,4.39,3.9,4.46,3.96,4.73,4.2,4.07,3.6
1488,29146.0,,,,,,,,,,
1489,34436.0,,,,,,,,,,
1490,39633.0,,,,,,,,,,
1491,71077.0,,,,,,,,,,
1492,10964.0,,,,,,,,,,
1493,34162.0,,,,,,,,,,
1494,148912.0,,,,,,,,,,
1495,12787.0,2.32,5.68,2.62,6.42,2.32,5.68,1.89,4.62,2.42,5.91
1496,86900.0,,,,,,,,,,
1497,125438.0,3.8,6.2,3.27,5.34,3.42,5.59,3.31,5.4,0.0,0.0
1498,137327.0,7.06,2.11,6.33,1.89,6.27,1.87,5.96,1.78,6.36,1.9
1499,39576.0,,,,,,,,,,
1500,39471.0,,,,,,,,,,
1501,155411.0,4.35,3.7,4.52,3.85,4.25,3.62,4.22,3.6,4.22,3.6
1502,160749.0,4.19,3.87,4.12,3.8,3.95,3.65,3.95,3.64,4.0,3.69
1503,162824.0,3.9,5.61,3.95,5.68,4.0,5.75,3.96,5.71,3.91,5.63
1504,184506.0,,,,,,,,,,
1505,62237.0,,,,,,,,,,
1506,96969.0,,,,,,,,,,
1507,115814.0,,,,,,,,,,
1508,158216.0,,,,,,,,,,
1509,12222.0,,,,,,,,,,
1510,17092.0,,,,,,,,,,
1511,38740.0,,,,,,,,,,
1512,91510.0,,,,,,,,,,
1513,35071.0,,,,,,,,,,
1514,125494.0,5.47,2.57,5.47,2.58,5.38,2.53,5.29,2.49,5.34,2.51
1515,68196.0,,,,,,,,,,
1516,32680.0,,,,,,,,,,
1517,31195.0,,,,,,,,,,
1518,195965.0,,,,,,,,,,
1519,97631.0,3.12,2.46,3.52,2.77,3.45,2.71,4.1,3.22,3.92,3.08
1520,72054.0,8.1,1.9,7.7,1.8,7.7,1.8,8.1,1.9,0.0,0.0
1521,18878.0,0.0,0.0,5.13,4.37,4.56,3.89,4.26,3.62,4.32,3.68
1522,91192.0,5.27,2.97,5.0,2.81,4.61,2.59,4.42,2.49,5.13,2.89
1523,17692.0,,,,,,,,,,
1524,18174.0,,,,,,,,,,
1525,168079.0,,,,,,,,,,
1526,85702.0,,,,,,,,,,
1527,103765.0,2.71,5.04,2.74,5.1,2.61,4.86,2.62,4.88,2.68,4.99
1528,82142.0,,,,,,,,,,
1529,76692.0,,,,,,,,,,
1530,97858.0,3.71,4.72,3.94,5.01,3.74,4.76,3.96,5.04,3.96,5.04
1531,75508.0,,,,,,,,,,
1532,56612.0,,,,,,,,,,
1533,61845.0,,,,,,,,,,
1534,46875.0,,,,,,,,,,
1535,83864.0,,,,,,,,,,
1536,46831.0,,,,,,,,,,
1537,151709.0,,,,,,,,,,
1538,31778.0,,,,,,,,,,
1539,70999.0,,,,,,,,,,
1540,81834.0,,,,,,,,,,
1541,65877.0,,,,,,,,,,
1542,84034.0,,,,,,,,,,
1543,184956.0,,,,,,,,,,
1544,86507.0,,,,,,,,,,
1545,29285.0,,,,,,,,,,
1546,51786.0,,,,,,,,,,
1547,190856.0,,,,,,,,,,
1548,97612.0,3.35,5.23,3.41,5.34,3.37,5.26,3.43,5.36,3.32,5.2
1549,113318.0,,,,,,,,,,
1550,81106.0,,,,,,,,,,
1551,72359.0,,,,,,,,,,
1552,80629.0,,,,,,,,,,
1553,66823.0,,,,,,,,,,
1554,189150.0,5.54,3.69,5.26,3.5,5.22,3.48,5.33,3.55,5.48,3.66
1555,100691.0,4.88,3.12,4.49,2.87,4.48,2.86,4.64,2.97,4.78,3.05
1556,43157.0,,,,,,,,,,
1557,103324.0,2.45,6.01,2.27,5.56,2.3,5.62,2.32,5.68,2.38,5.81
1558,36857.0,,,,,,,,,,
1559,32899.0,,,,,,,,,,
1560,191079.0,,,,,,,,,,
1561,95203.0,1.88,6.68,1.94,6.89,1.78,6.29,1.84,6.54,0.0,0.0
1562,185080.0,,,,,,,,,,
1563,11687.0,,,,,,,,,,
1564,78726.0,0.0,0.0,8.0,2.0,0.0,0.0,0.0,0.0,0.0,0.0
1565,124290.0,2.24,4.76,2.5,5.3,2.45,5.22,1.99,4.22,1.44,3.06
1566,88238.0,,,,,,,,,,
1567,166096.0,,,,,,,,,,
1568,83712.0,,,,,,,,,,
1569,86335.0,0.0,0.0,0.0,0.0,8.0,2.24,0.0,0.0,0.0,0.0
1570,32667.0,0.0,0.0,6.03,2.97,5.36,2.64,0.0,0.0,0.0,0.0
1571,78790.0,,,,,,,,,,
1572,10546.0,1.97,5.89,2.21,6.62,2.22,6.66,2.2,6.6,2.35,7.04
1573,89218.0,,,,,,,,,,
1574,31465.0,,,,,,,,,,
1575,11031.0,0.0,0.0,10.0,2.3,4.0,0.92,0.0,0.0,8.0,1.84
1576,119457.0,2.1,4.9,2.44,5.68,2.35,5.5,2.31,5.4,1.65,3.85
1577,99493.0,,,,,,,,,,
1578,12415.0,,,,,,,,,,
1579,51777.0,0.0,0.0,9.5,2.75,8.33,2.42,0.0,0.0,0.0,0.0
1580,25670.0,1.9,8.1,1.63,6.96,1.64,6.98,1.52,6.48,1.71,7.29
1581,98279.0,0.0,0.0,4.83,4.83,0.5,0.5,0.0,0.0,0.0,0.0
1582,73317.0,,,,,,,,,,
1583,95334.0,0.0,0.0,0.8,3.2,1.2,4.8,2.0,8.0,0.0,0.0
1584,12007.0,,,,,,,,,,
1585,11840.0,,,,,,,,,,
1586,179802.0,,,,,,,,,,
1587,88253.0,,,,,,,,,,
1588,109662.0,,,,,,,,,,
1589,41377.0,,,,,,,,,,
1590,36565.0,,,,,,,,,,
1591,107923.0,3.71,3.86,3.73,3.89,3.56,3.71,3.73,3.88,3.95,4.12
1592,65674.0,,,,,,,,,,
1593,102648.0,2.7,3.3,3.14,3.83,2.79,3.4,2.78,3.39,4.05,4.95
1594,119412.0,4.73,3.57,4.71,3.55,4.5,3.4,4.61,3.47,4.79,3.61
1595,12918.0,2.64,5.36,2.71,5.49,2.75,5.58,2.64,5.36,2.31,4.69
1596,85659.0,,,,,,,,,,
1597,93752.0,,,,,,,,,,
1598,20305.0,,,,,,,,,,
1599,81888.0,,,,,,,,,,
1600,88292.0,,,,,,,,,,
1601,129256.0,,,,,,,,,,
1602,10410.0,,,,,,,,,,
1603,16579.0,,,,,,,,,,
1604,62328.0,,,,,,,,,,
1605,38906.0,,,,,,,,,,
1606,31565.0,0.0,0.0,3.04,4.96,3.33,5.42,0.0,0.0,0.0,0.0
1607,17162.0,,,,,,,,,,
1608,30487.0,,,,,,,,,,
1609,37151.0,,,,,,,,,,
1610,101700.0,,,,,,,,,,
1611,76020.0,2.9,6.45,2.77,6.15,2.72,6.04,2.68,5.98,2.76,6.15
1612,100950.0,,,,,,,,,,
1613,95583.0,,,,,,,,,,
1614,37073.0,,,,,,,,,,
1615,66464.0,0.0,0.0,7.0,1.47,0.0,0.0,0.0,0.0,0.0,0.0
1616,175284.0,,,,,,,,,,
1617,28214.0,,,,,,,,,,
1618,78845.0,0.0,0.0,3.28,5.36,3.23,5.27,3.45,5.64,3.1,5.07
1619,30911.0,,,,,,,,,,
1620,31940.0,4.2,5.13,4.1,5.01,4.1,5.02,3.52,4.31,4.05,4.95
1621,73509.0,,,,,,,,,,
1622,53813.0,,,,,,,,,,
1623,204137.0,,,,,,,,,,
1624,10742.0,,,,,,,,,,
1625,84189.0,,,,,,,,,,
1626,73434.0,,,,,,,,,,
1627,47321.0,2.9,7.1,2.59,6.33,2.54,6.23,2.48,6.08,2.61,6.39
1628,37686.0,,,,,,,,,,
1629,96031.0,1.88,5.95,1.91,6.05,1.96,6.22,2.4,7.6,2.16,6.84
1630,23934.0,,,,,,,,,,
1631,17367.0,,,,,,,,,,
1632,38551.0,,,,,,,,,,
1633,72013.0,,,,,,,,,,
1634,31310.0,,,,,,,,,,
1635,18988.0,,,,,,,,,,
1636,85633.0,,,,,,,,,,
1637,64686.0,0.0,0.0,3.2,4.8,3.6,5.4,4.0,6.0,0.0,0.0
1638,45477.0,,,,,,,,,,
1639,89757.0,3.52,4.48,3.52,4.48,1.32,1.68,2.49,3.18,0.44,0.56
1640,66067.0,,,,,,,,,,
1641,52103.0,,,,,,,,,,
1642,95331.0,,,,,,,,,,
1643,74610.0,3.22,5.03,3.56,5.56,3.48,5.45,3.29,5.14,3.64,5.69
1644,52515.0,5.05,4.85,4.94,4.75,4.89,4.7,4.49,4.31,4.53,4.36
1645,51132.0,,,,,,,,,,
1646,169643.0,1.74,7.43,1.63,6.97,1.67,7.1,1.63,6.93,1.7,7.23
1647,33332.0,,,,,,,,,,
1648,10300.0,,,,,,,,,,
1649,19074.0,,,,,,,,,,
1650,10065.0,,,,,,,,,,
1651,69991.0,,,,,,,,,,
1652,43500.0,,,,,,,,,,
1653,63852.0,,,,,,,,,,
1654,52290.0,,,,,,,,,,
1655,87311.0,,,,,,,,,,
1656,68695.0,,,,,,,,,,
1657,82428.0,,,,,,,,,,
1658,40041.0,,,,,,,,,,
1659,150688.0,1.91,6.75,1.96,6.94,1.87,6.64,1.83,6.51,1.92,6.8
1660,39809.0,5.68,2.32,6.04,2.46,7.1,2.9,0.0,0.0,0.0,0.0
1661,14397.0,,,,,,,,,,
1662,34076.0,,,,,,,,,,
1663,66091.0,3.2,6.8,3.03,6.43,3.2,6.8,2.94,6.26,2.88,6.12
1664,151259.0,,,,,,,,,,
1665,82283.0,0.0,0.0,10.0,1.8,7.5,1.35,7.0,1.26,0.0,0.0
1666,62586.0,6.92,2.96,6.78,2.9,6.73,2.89,6.3,2.7,6.3,2.7
1667,37439.0,0.0,0.0,6.22,3.07,6.03,2.97,6.25,3.08,6.03,2.97
1668,43513.0,,,,,,,,,,
1669,65769.0,,,,,,,,,,
1670,52541.0,,,,,,,,,,
1671,62175.0,,,,,,,,,,
1672,117788.0,,,,,,,,,,
1673,61503.0,,,,,,,,,,
1674,85141.0,0.0,0.0,8.0,2.64,9.0,2.97,0.0,0.0,0.0,0.0
1675,77197.0,,,,,,,,,,
1676,38835.0,,,,,,,,,,
1677,36839.0,,,,,,,,,,
1678,39345.0,,,,,,,,,,
1679,198962.0,,,,,,,,,,
1680,36044.0,,,,,,,,,,
1681,104426.0,4.43,3.21,4.59,3.33,4.33,3.14,4.87,3.53,4.42,3.2
1682,92070.0,,,,,,,,,,
1683,66584.0,,,,,,,,,,
1684,76377.0,,,,,,,,,,
1685,56058.0,,,,,,,,,,
1686,31269.0,,,,,,,,,,
1687,73018.0,,,,,,,,,,
1688,74309.0,,,,,,,,,,
1689,86381.0,,,,,,,,,,
1690,42493.0,,,,,,,,,,
1691,13500.0,,,,,,,,,,
1692,52506.0,,,,,,,,,,
1693,57488.0,,,,,,,,,,
1694,69689.0,,,,,,,,,,
1695,33759.0,,,,,,,,,,
1696,52551.0,,,,,,,,,,
1697,76454.0,,,,,,,,,,
1698,62560.0,,,,,,,,,,
1699,10519.0,,,,,,,,,,
1700,27544.0,,,,,,,,,,
1701,97692.0,3.23,5.99,3.12,5.79,3.07,5.69,3.03,5.64,3.03,5.63
1702,123630.0,4.85,2.85,4.27,2.5,4.33,2.54,4.45,2.62,4.85,2.85
1703,17159.0,4.45,5.22,4.33,5.09,4.44,5.22,4.4,5.17,4.6,5.4
1704,36343.0,,,,,,,,,,
1705,142458.0,,,,,,,,,,
1706,88244.0,,,,,,,,,,
1707,87308.0,,,,,,,,,,
1708,66253.0,,,,,,,,,,
1709,109193.0,3.19,6.49,3.09,6.27,3.09,6.26,2.99,6.07,2.91,5.9
1710,132626.0,2.28,6.85,2.23,6.67,2.19,6.56,2.17,6.5,2.21,6.62
1711,39857.0,,,,,,,,,,
1712,34522.0,,,,,,,,,,
1713,68587.0,,,,,,,,,,
1714,10980.0,,,,,,,,,,
1715,63159.0,,,,,,,,,,
1716,49728.0,,,,,,,,,,
1717,56227.0,,,,,,,,,,
1718,10002.0,4.5,5.5,4.15,5.08,4.4,5.38,4.33,5.29,3.6,4.4
1719,67768.0,,,,,,,,,,
1720,77128.0,,,,,,,,,,
1721,83546.0,,,,,,,,,,
1722,35273.0,,,,,,,,,,
1723,59075.0,4.64,3.36,5.03,3.64,4.64,3.36,4.93,3.57,5.22,3.78
1724,39676.0,,,,,,,,,,
1725,38738.0,,,,,,,,,,
1726,52245.0,,,,,,,,,,
1727,53307.0,,,,,,,,,,
1728,38836.0,,,,,,,,,,
1729,176008.0,,,,,,,,,,
1730,61061.0,,,,,,,,,,
1731,26679.0,,,,,,,,,,
1732,69940.0,,,,,,,,,,
1733,79566.0,,,,,,,,,,
1734,78160.0,,,,,,,,,,
1735,86801.0,,,,,,,,,,
1736,74632.0,,,,,,,,,,
1737,87301.0,,,,,,,,,,
1738,43151.0,,,,,,,,,,
1739,10004.0,,,,,,,,,,
1740,43838.0,,,,,,,,,,
1741,60488.0,,,,,,,,,,
1742,42810.0,,,,,,,,,,
1743,10003.0,0.0,0.0,4.94,4.56,5.07,4.68,5.2,4.8,0.0,0.0
1744,73411.0,,,,,,,,,,
1745,46869.0,,,,,,,,,,
1746,50583.0,,,,,,,,,,
1747,51700.0,,,,,,,,,,
1748,80219.0,0.0,0.0,4.23,4.77,3.86,4.36,3.48,3.92,3.92,4.41
1749,38347.0,,,,,,,,,,
1750,151889.0,,,,,,,,,,
1751,118966.0,2.05,7.28,1.94,6.87,1.89,6.71,1.89,6.7,1.91,6.78
1752,77761.0,,,,,,,,,,
1753,158217.0,,,,,,,,,,
1754,154462.0,,,,,,,,,,
1755,176630.0,,,,,,,,,,
1756,31307.0,,,,,,,,,,
1757,128162.0,,,,,,,,,,
1758,88470.0,,,,,,,,,,
1759,92069.0,6.12,2.88,6.18,2.91,5.87,2.76,5.6,2.64,5.24,2.47
1760,142201.0,0.0,0.0,4.0,0.6,0.0,0.0,0.0,0.0,8.0,1.2
1761,52528.0,,,,,,,,,,
1762,33422.0,,,,,,,,,,
1763,76651.0,2.29,5.11,1.97,4.39,2.28,5.06,2.32,5.16,2.56,5.69
1764,70251.0,,,,,,,,,,
1765,64354.0,,,,,,,,,,
1766,68944.0,,,,,,,,,,
1767,61060.0,,,,,,,,,,
1768,115316.0,,,,,,,,,,
1769,28795.0,,,,,,,,,,
1770,100643.0,3.8,4.83,3.47,4.42,3.35,4.26,3.39,4.32,3.48,4.43
1771,75129.0,,,,,,,,,,
1772,31159.0,,,,,,,,,,
1773,17173.0,0.0,0.0,4.1,3.23,4.53,3.56,3.92,3.08,0.0,0.0
1774,95328.0,,,,,,,,,,
1775,197870.0,,,,,,,,,,
1776,37937.0,2.9,7.1,2.41,5.89,2.56,6.27,2.53,6.2,2.5,6.11
1777,108776.0,,,,,,,,,,
1778,32240.0,,,,,,,,,,
1779,49336.0,2.88,6.12,2.87,6.09,2.93,6.24,3.12,6.63,3.09,6.58
1780,132611.0,,,,,,,,,,
1781,97826.0,,,,,,,,,,
1782,134318.0,,,,,,,,,,
1783,42253.0,,,,,,,,,,
1784,204164.0,,,,,,,,,,
1785,39708.0,,,,,,,,,,
1786,38898.0,,,,,,,,,,
1787,94170.0,,,,,,,,,,
1788,93930.0,,,,,,,,,,
1789,71499.0,,,,,,,,,,
1790,51918.0,,,,,,,,,,
1791,168402.0,,,,,,,,,,
1792,81243.0,,,,,,,,,,
1793,121310.0,,,,,,,,,,
1794,29102.0,,,,,,,,,,
1795,46752.0,,,,,,,,,,
1796,11300.0,,,,,,,,,,
1797,26677.0,,,,,,,,,,
1798,46753.0,,,,,,,,,,
1799,87556.0,0.0,0.0,4.83,2.17,3.91,1.76,0.0,0.0,0.0,0.0
1800,30786.0,,,,,,,,,,
1801,74451.0,,,,,,,,,,
1802,82014.0,,,,,,,,,,
1803,40211.0,,,,,,,,,,
1804,102241.0,,,,,,,,,,
1805,154212.0,,,,,,,,,,
1806,86843.0,0.0,0.0,2.67,6.53,2.61,6.39,0.0,0.0,0.0,0.0
1807,52553.0,3.83,5.5,3.76,5.4,3.6,5.19,3.42,4.91,3.08,4.42
1808,17458.0,,,,,,,,,,
1809,34225.0,3.3,6.7,3.13,6.37,0.0,0.0,0.0,0.0,0.0,0.0
1810,68437.0,,,,,,,,,,
1811,72062.0,,,,,,,,,,
1812,39846.0,,,,,,,,,,
1813,18865.0,,,,,,,,,,
1814,31068.0,,,,,,,,,,
1815,29712.0,,,,,,,,,,
1816,43574.0,,,,,,,,,,
1817,36755.0,,,,,,,,,,
1818,91505.0,,,,,,,,,,
1819,72043.0,,,,,,,,,,
1820,77566.0,,,,,,,,,,
1821,38227.0,4.69,5.09,4.36,4.72,4.66,5.04,4.32,4.68,4.38,4.74
1822,74567.0,,,,,,,,,,
1823,38572.0,,,,,,,,,,
